2026-07-19T17:20:37 INFO brainkm.db.migrate Applying migration 001_initial
2026-07-19T17:20:37 INFO brainkm.db.migrate Applying migration 002_temporal_lite
2026-07-19T17:20:37 INFO brainkm.db.migrate Applying migration 003_temporal_forgotten
2026-07-19T17:20:37 INFO brainkm.db.migrate Applying migration 004_session_snapshots
2026-07-19T17:20:37 INFO brainkm.db.migrate Applying migration 005_session_activity
2026-07-19T17:20:37 INFO brainkm.db.migrate Applying migration 006_semantic_embeddings
2026-07-19T17:20:37 INFO brainkm.db.migrate Applying migration 007_nodal_edges
2026-07-19T17:20:38 INFO brainkm.db.migrate Applying migration 001_initial
2026-07-19T17:20:38 INFO brainkm.db.migrate Applying migration 002_temporal_lite
2026-07-19T17:20:38 INFO brainkm.db.migrate Applying migration 003_temporal_forgotten
2026-07-19T17:20:38 INFO brainkm.db.migrate Applying migration 004_session_snapshots
2026-07-19T17:20:38 INFO brainkm.db.migrate Applying migration 005_session_activity
2026-07-19T17:20:38 INFO brainkm.db.migrate Applying migration 006_semantic_embeddings
2026-07-19T17:20:38 INFO brainkm.db.migrate Applying migration 007_nodal_edges
2026-07-19T17:20:38 INFO brainkm.db.migrate Applying migration 001_initial
2026-07-19T17:20:38 INFO brainkm.db.migrate Applying migration 002_temporal_lite
2026-07-19T17:20:38 INFO brainkm.db.migrate Applying migration 003_temporal_forgotten
2026-07-19T17:20:38 INFO brainkm.db.migrate Applying migration 004_session_snapshots
2026-07-19T17:20:38 INFO brainkm.db.migrate Applying migration 005_session_activity
2026-07-19T17:20:38 INFO brainkm.db.migrate Applying migration 006_semantic_embeddings
2026-07-19T17:20:38 INFO brainkm.db.migrate Applying migration 007_nodal_edges
2026-07-19T17:20:38 INFO brainkm.db.migrate Applying migration 001_initial
2026-07-19T17:20:38 INFO brainkm.db.migrate Applying migration 002_temporal_lite
2026-07-19T17:20:38 INFO brainkm.db.migrate Applying migration 003_temporal_forgotten
2026-07-19T17:20:38 INFO brainkm.db.migrate Applying migration 004_session_snapshots
2026-07-19T17:20:38 INFO brainkm.db.migrate Applying migration 005_session_activity
2026-07-19T17:20:38 INFO brainkm.db.migrate Applying migration 006_semantic_embeddings
2026-07-19T17:20:38 INFO brainkm.db.migrate Applying migration 007_nodal_edges
2026-07-19T17:20:39 INFO brainkm.db.migrate Applying migration 001_initial
2026-07-19T17:20:39 INFO brainkm.db.migrate Applying migration 002_temporal_lite
2026-07-19T17:20:39 INFO brainkm.db.migrate Applying migration 003_temporal_forgotten
2026-07-19T17:20:39 INFO brainkm.db.migrate Applying migration 004_session_snapshots
2026-07-19T17:20:39 INFO brainkm.db.migrate Applying migration 005_session_activity
2026-07-19T17:20:39 INFO brainkm.db.migrate Applying migration 006_semantic_embeddings
2026-07-19T17:20:39 INFO brainkm.db.migrate Applying migration 007_nodal_edges
2026-07-19T17:20:39 INFO brainkm.db.migrate Applying migration 001_initial
2026-07-19T17:20:39 INFO brainkm.db.migrate Applying migration 002_temporal_lite
2026-07-19T17:20:39 INFO brainkm.db.migrate Applying migration 003_temporal_forgotten
2026-07-19T17:20:39 INFO brainkm.db.migrate Applying migration 004_session_snapshots
2026-07-19T17:20:39 INFO brainkm.db.migrate Applying migration 005_session_activity
2026-07-19T17:20:39 INFO brainkm.db.migrate Applying migration 006_semantic_embeddings
2026-07-19T17:20:39 INFO brainkm.db.migrate Applying migration 007_nodal_edges
2026-07-19T17:20:39 INFO brainkm.db.migrate Applying migration 001_initial
2026-07-19T17:20:39 INFO brainkm.db.migrate Applying migration 002_temporal_lite
2026-07-19T17:20:39 INFO brainkm.db.migrate Applying migration 003_temporal_forgotten
2026-07-19T17:20:39 INFO brainkm.db.migrate Applying migration 004_session_snapshots
2026-07-19T17:20:39 INFO brainkm.db.migrate Applying migration 005_session_activity
2026-07-19T17:20:39 INFO brainkm.db.migrate Applying migration 006_semantic_embeddings
2026-07-19T17:20:39 INFO brainkm.db.migrate Applying migration 007_nodal_edges
2026-07-19T17:20:39 INFO brainkm.db.migrate Applying migration 001_initial
2026-07-19T17:20:39 INFO brainkm.db.migrate Applying migration 002_temporal_lite
2026-07-19T17:20:39 INFO brainkm.db.migrate Applying migration 003_temporal_forgotten
2026-07-19T17:20:39 INFO brainkm.db.migrate Applying migration 004_session_snapshots
2026-07-19T17:20:39 INFO brainkm.db.migrate Applying migration 005_session_activity
2026-07-19T17:20:39 INFO brainkm.db.migrate Applying migration 006_semantic_embeddings
2026-07-19T17:20:39 INFO brainkm.db.migrate Applying migration 007_nodal_edges
2026-07-19T17:20:40 INFO brainkm.db.migrate Applying migration 001_initial
2026-07-19T17:20:40 INFO brainkm.db.migrate Applying migration 002_temporal_lite
2026-07-19T17:20:40 INFO brainkm.db.migrate Applying migration 003_temporal_forgotten
2026-07-19T17:20:40 INFO brainkm.db.migrate Applying migration 004_session_snapshots
2026-07-19T17:20:40 INFO brainkm.db.migrate Applying migration 005_session_activity
2026-07-19T17:20:40 INFO brainkm.db.migrate Applying migration 006_semantic_embeddings
2026-07-19T17:20:40 INFO brainkm.db.migrate Applying migration 007_nodal_edges
2026-07-19T17:20:40 INFO brainkm.db.migrate Applying migration 001_initial
2026-07-19T17:20:40 INFO brainkm.db.migrate Applying migration 002_temporal_lite
2026-07-19T17:20:40 INFO brainkm.db.migrate Applying migration 003_temporal_forgotten
2026-07-19T17:20:40 INFO brainkm.db.migrate Applying migration 004_session_snapshots
2026-07-19T17:20:40 INFO brainkm.db.migrate Applying migration 005_session_activity
2026-07-19T17:20:40 INFO brainkm.db.migrate Applying migration 006_semantic_embeddings
2026-07-19T17:20:40 INFO brainkm.db.migrate Applying migration 007_nodal_edges
2026-07-19T17:20:40 INFO brainkm.db.migrate Applying migration 001_initial
2026-07-19T17:20:40 INFO brainkm.db.migrate Applying migration 002_temporal_lite
2026-07-19T17:20:40 INFO brainkm.db.migrate Applying migration 003_temporal_forgotten
2026-07-19T17:20:40 INFO brainkm.db.migrate Applying migration 004_session_snapshots
2026-07-19T17:20:40 INFO brainkm.db.migrate Applying migration 005_session_activity
2026-07-19T17:20:40 INFO brainkm.db.migrate Applying migration 006_semantic_embeddings
2026-07-19T17:20:40 INFO brainkm.db.migrate Applying migration 007_nodal_edges
2026-07-19T17:20:40 INFO brainkm.db.migrate Applying migration 001_initial
2026-07-19T17:20:40 INFO brainkm.db.migrate Applying migration 002_temporal_lite
2026-07-19T17:20:40 INFO brainkm.db.migrate Applying migration 003_temporal_forgotten
2026-07-19T17:20:40 INFO brainkm.db.migrate Applying migration 004_session_snapshots
2026-07-19T17:20:40 INFO brainkm.db.migrate Applying migration 005_session_activity
2026-07-19T17:20:40 INFO brainkm.db.migrate Applying migration 006_semantic_embeddings
2026-07-19T17:20:40 INFO brainkm.db.migrate Applying migration 007_nodal_edges
2026-07-19T17:20:41 INFO brainkm.db.migrate Applying migration 001_initial
2026-07-19T17:20:41 INFO brainkm.db.migrate Applying migration 002_temporal_lite
2026-07-19T17:20:41 INFO brainkm.db.migrate Applying migration 003_temporal_forgotten
2026-07-19T17:20:41 INFO brainkm.db.migrate Applying migration 004_session_snapshots
2026-07-19T17:20:41 INFO brainkm.db.migrate Applying migration 005_session_activity
2026-07-19T17:20:41 INFO brainkm.db.migrate Applying migration 006_semantic_embeddings
2026-07-19T17:20:41 INFO brainkm.db.migrate Applying migration 007_nodal_edges
2026-07-19T17:20:41 INFO brainkm.db.migrate Applying migration 001_initial
2026-07-19T17:20:41 INFO brainkm.db.migrate Applying migration 002_temporal_lite
2026-07-19T17:20:41 INFO brainkm.db.migrate Applying migration 003_temporal_forgotten
2026-07-19T17:20:41 INFO brainkm.db.migrate Applying migration 004_session_snapshots
2026-07-19T17:20:41 INFO brainkm.db.migrate Applying migration 005_session_activity
2026-07-19T17:20:41 INFO brainkm.db.migrate Applying migration 006_semantic_embeddings
2026-07-19T17:20:41 INFO brainkm.db.migrate Applying migration 007_nodal_edges
2026-07-19T17:20:41 INFO brainkm.db.migrate Applying migration 001_initial
2026-07-19T17:20:41 INFO brainkm.db.migrate Applying migration 002_temporal_lite
2026-07-19T17:20:41 INFO brainkm.db.migrate Applying migration 003_temporal_forgotten
2026-07-19T17:20:41 INFO brainkm.db.migrate Applying migration 004_session_snapshots
2026-07-19T17:20:41 INFO brainkm.db.migrate Applying migration 005_session_activity
2026-07-19T17:20:41 INFO brainkm.db.migrate Applying migration 006_semantic_embeddings
2026-07-19T17:20:41 INFO brainkm.db.migrate Applying migration 007_nodal_edges
2026-07-19T17:20:41 INFO brainkm.db.migrate Applying migration 001_initial
2026-07-19T17:20:41 INFO brainkm.db.migrate Applying migration 002_temporal_lite
2026-07-19T17:20:41 INFO brainkm.db.migrate Applying migration 003_temporal_forgotten
2026-07-19T17:20:41 INFO brainkm.db.migrate Applying migration 004_session_snapshots
2026-07-19T17:20:41 INFO brainkm.db.migrate Applying migration 005_session_activity
2026-07-19T17:20:41 INFO brainkm.db.migrate Applying migration 006_semantic_embeddings
2026-07-19T17:20:41 INFO brainkm.db.migrate Applying migration 007_nodal_edges
2026-07-19T17:20:42 INFO brainkm.db.migrate Applying migration 001_initial
2026-07-19T17:20:42 INFO brainkm.db.migrate Applying migration 002_temporal_lite
2026-07-19T17:20:42 INFO brainkm.db.migrate Applying migration 003_temporal_forgotten
2026-07-19T17:20:42 INFO brainkm.db.migrate Applying migration 004_session_snapshots
2026-07-19T17:20:42 INFO brainkm.db.migrate Applying migration 005_session_activity
2026-07-19T17:20:42 INFO brainkm.db.migrate Applying migration 006_semantic_embeddings
2026-07-19T17:20:42 INFO brainkm.db.migrate Applying migration 007_nodal_edges
2026-07-19T17:20:42 INFO brainkm.db.migrate Applying migration 001_initial
2026-07-19T17:20:42 INFO brainkm.db.migrate Applying migration 002_temporal_lite
2026-07-19T17:20:42 INFO brainkm.db.migrate Applying migration 003_temporal_forgotten
2026-07-19T17:20:42 INFO brainkm.db.migrate Applying migration 004_session_snapshots
2026-07-19T17:20:42 INFO brainkm.db.migrate Applying migration 005_session_activity
2026-07-19T17:20:42 INFO brainkm.db.migrate Applying migration 006_semantic_embeddings
2026-07-19T17:20:42 INFO brainkm.db.migrate Applying migration 007_nodal_edges
2026-07-19T17:20:42 INFO brainkm.db.migrate Applying migration 001_initial
2026-07-19T17:20:42 INFO brainkm.db.migrate Applying migration 002_temporal_lite
2026-07-19T17:20:42 INFO brainkm.db.migrate Applying migration 003_temporal_forgotten
2026-07-19T17:20:42 INFO brainkm.db.migrate Applying migration 004_session_snapshots
2026-07-19T17:20:42 INFO brainkm.db.migrate Applying migration 005_session_activity
2026-07-19T17:20:42 INFO brainkm.db.migrate Applying migration 006_semantic_embeddings
2026-07-19T17:20:42 INFO brainkm.db.migrate Applying migration 007_nodal_edges
2026-07-19T17:20:42 INFO brainkm.db.migrate Applying migration 001_initial
2026-07-19T17:20:42 INFO brainkm.db.migrate Applying migration 002_temporal_lite
2026-07-19T17:20:42 INFO brainkm.db.migrate Applying migration 003_temporal_forgotten
2026-07-19T17:20:42 INFO brainkm.db.migrate Applying migration 004_session_snapshots
2026-07-19T17:20:42 INFO brainkm.db.migrate Applying migration 005_session_activity
2026-07-19T17:20:42 INFO brainkm.db.migrate Applying migration 006_semantic_embeddings
2026-07-19T17:20:42 INFO brainkm.db.migrate Applying migration 007_nodal_edges
2026-07-19T17:20:42 INFO brainkm.db.migrate Applying migration 001_initial
2026-07-19T17:20:43 INFO brainkm.db.migrate Applying migration 002_temporal_lite
2026-07-19T17:20:43 INFO brainkm.db.migrate Applying migration 003_temporal_forgotten
2026-07-19T17:20:43 INFO brainkm.db.migrate Applying migration 004_session_snapshots
2026-07-19T17:20:43 INFO brainkm.db.migrate Applying migration 005_session_activity
2026-07-19T17:20:43 INFO brainkm.db.migrate Applying migration 006_semantic_embeddings
2026-07-19T17:20:43 INFO brainkm.db.migrate Applying migration 007_nodal_edges
2026-07-19T17:20:43 INFO brainkm.db.migrate Applying migration 001_initial
2026-07-19T17:20:43 INFO brainkm.db.migrate Applying migration 002_temporal_lite
2026-07-19T17:20:43 INFO brainkm.db.migrate Applying migration 003_temporal_forgotten
2026-07-19T17:20:43 INFO brainkm.db.migrate Applying migration 004_session_snapshots
2026-07-19T17:20:43 INFO brainkm.db.migrate Applying migration 005_session_activity
2026-07-19T17:20:43 INFO brainkm.db.migrate Applying migration 006_semantic_embeddings
2026-07-19T17:20:43 INFO brainkm.db.migrate Applying migration 007_nodal_edges
2026-07-19T17:20:43 INFO brainkm.db.migrate Applying migration 001_initial
2026-07-19T17:20:43 INFO brainkm.db.migrate Applying migration 002_temporal_lite
2026-07-19T17:20:43 INFO brainkm.db.migrate Applying migration 003_temporal_forgotten
2026-07-19T17:20:43 INFO brainkm.db.migrate Applying migration 004_session_snapshots
2026-07-19T17:20:43 INFO brainkm.db.migrate Applying migration 005_session_activity
2026-07-19T17:20:43 INFO brainkm.db.migrate Applying migration 006_semantic_embeddings
2026-07-19T17:20:43 INFO brainkm.db.migrate Applying migration 007_nodal_edges
2026-07-19T17:20:43 INFO brainkm.db.migrate Applying migration 001_initial
2026-07-19T17:20:43 INFO brainkm.db.migrate Applying migration 002_temporal_lite
2026-07-19T17:20:43 INFO brainkm.db.migrate Applying migration 003_temporal_forgotten
2026-07-19T17:20:43 INFO brainkm.db.migrate Applying migration 004_session_snapshots
2026-07-19T17:20:43 INFO brainkm.db.migrate Applying migration 005_session_activity
2026-07-19T17:20:43 INFO brainkm.db.migrate Applying migration 006_semantic_embeddings
2026-07-19T17:20:43 INFO brainkm.db.migrate Applying migration 007_nodal_edges
2026-07-19T17:20:43 INFO brainkm.db.migrate Applying migration 001_initial
2026-07-19T17:20:43 INFO brainkm.db.migrate Applying migration 002_temporal_lite
2026-07-19T17:20:43 INFO brainkm.db.migrate Applying migration 003_temporal_forgotten
2026-07-19T17:20:43 INFO brainkm.db.migrate Applying migration 004_session_snapshots
2026-07-19T17:20:44 INFO brainkm.db.migrate Applying migration 005_session_activity
2026-07-19T17:20:44 INFO brainkm.db.migrate Applying migration 006_semantic_embeddings
2026-07-19T17:20:44 INFO brainkm.db.migrate Applying migration 007_nodal_edges
2026-07-19T17:20:44 INFO brainkm.db.migrate Applying migration 001_initial
2026-07-19T17:20:44 INFO brainkm.db.migrate Applying migration 002_temporal_lite
2026-07-19T17:20:44 INFO brainkm.db.migrate Applying migration 003_temporal_forgotten
2026-07-19T17:20:44 INFO brainkm.db.migrate Applying migration 004_session_snapshots
2026-07-19T17:20:44 INFO brainkm.db.migrate Applying migration 005_session_activity
2026-07-19T17:20:44 INFO brainkm.db.migrate Applying migration 006_semantic_embeddings
2026-07-19T17:20:44 INFO brainkm.db.migrate Applying migration 007_nodal_edges
2026-07-19T17:20:44 INFO brainkm.db.migrate Applying migration 001_initial
2026-07-19T17:20:44 INFO brainkm.db.migrate Applying migration 002_temporal_lite
2026-07-19T17:20:44 INFO brainkm.db.migrate Applying migration 003_temporal_forgotten
2026-07-19T17:20:44 INFO brainkm.db.migrate Applying migration 004_session_snapshots
2026-07-19T17:20:44 INFO brainkm.db.migrate Applying migration 005_session_activity
2026-07-19T17:20:44 INFO brainkm.db.migrate Applying migration 006_semantic_embeddings
2026-07-19T17:20:44 INFO brainkm.db.migrate Applying migration 007_nodal_edges
2026-07-19T17:20:44 INFO brainkm.db.migrate Applying migration 001_initial
2026-07-19T17:20:44 INFO brainkm.db.migrate Applying migration 002_temporal_lite
2026-07-19T17:20:44 INFO brainkm.db.migrate Applying migration 003_temporal_forgotten
2026-07-19T17:20:44 INFO brainkm.db.migrate Applying migration 004_session_snapshots
2026-07-19T17:20:44 INFO brainkm.db.migrate Applying migration 005_session_activity
2026-07-19T17:20:44 INFO brainkm.db.migrate Applying migration 006_semantic_embeddings
2026-07-19T17:20:44 INFO brainkm.db.migrate Applying migration 007_nodal_edges
2026-07-19T17:20:44 INFO brainkm.db.migrate Applying migration 001_initial
2026-07-19T17:20:44 INFO brainkm.db.migrate Applying migration 002_temporal_lite
2026-07-19T17:20:44 INFO brainkm.db.migrate Applying migration 003_temporal_forgotten
2026-07-19T17:20:44 INFO brainkm.db.migrate Applying migration 004_session_snapshots
2026-07-19T17:20:44 INFO brainkm.db.migrate Applying migration 005_session_activity
2026-07-19T17:20:44 INFO brainkm.db.migrate Applying migration 006_semantic_embeddings
2026-07-19T17:20:44 INFO brainkm.db.migrate Applying migration 007_nodal_edges
2026-07-19T17:20:45 INFO brainkm.db.migrate Applying migration 001_initial
2026-07-19T17:20:45 INFO brainkm.db.migrate Applying migration 002_temporal_lite
2026-07-19T17:20:45 INFO brainkm.db.migrate Applying migration 003_temporal_forgotten
2026-07-19T17:20:45 INFO brainkm.db.migrate Applying migration 004_session_snapshots
2026-07-19T17:20:45 INFO brainkm.db.migrate Applying migration 005_session_activity
2026-07-19T17:20:45 INFO brainkm.db.migrate Applying migration 006_semantic_embeddings
2026-07-19T17:20:45 INFO brainkm.db.migrate Applying migration 007_nodal_edges
2026-07-19T17:20:45 INFO brainkm.db.migrate Applying migration 001_initial
2026-07-19T17:20:45 INFO brainkm.db.migrate Applying migration 002_temporal_lite
2026-07-19T17:20:45 INFO brainkm.db.migrate Applying migration 003_temporal_forgotten
2026-07-19T17:20:45 INFO brainkm.db.migrate Applying migration 004_session_snapshots
2026-07-19T17:20:45 INFO brainkm.db.migrate Applying migration 005_session_activity
2026-07-19T17:20:45 INFO brainkm.db.migrate Applying migration 006_semantic_embeddings
2026-07-19T17:20:45 INFO brainkm.db.migrate Applying migration 007_nodal_edges
2026-07-19T17:20:45 INFO brainkm.db.migrate Applying migration 001_initial
2026-07-19T17:20:45 INFO brainkm.db.migrate Applying migration 002_temporal_lite
2026-07-19T17:20:45 INFO brainkm.db.migrate Applying migration 003_temporal_forgotten
2026-07-19T17:20:45 INFO brainkm.db.migrate Applying migration 004_session_snapshots
2026-07-19T17:20:45 INFO brainkm.db.migrate Applying migration 005_session_activity
2026-07-19T17:20:45 INFO brainkm.db.migrate Applying migration 006_semantic_embeddings
2026-07-19T17:20:45 INFO brainkm.db.migrate Applying migration 007_nodal_edges
2026-07-19T17:20:46 INFO brainkm.db.migrate Applying migration 001_initial
2026-07-19T17:20:46 INFO brainkm.db.migrate Applying migration 002_temporal_lite
2026-07-19T17:20:46 INFO brainkm.db.migrate Applying migration 003_temporal_forgotten
2026-07-19T17:20:46 INFO brainkm.db.migrate Applying migration 004_session_snapshots
2026-07-19T17:20:46 INFO brainkm.db.migrate Applying migration 005_session_activity
2026-07-19T17:20:46 INFO brainkm.db.migrate Applying migration 006_semantic_embeddings
2026-07-19T17:20:46 INFO brainkm.db.migrate Applying migration 007_nodal_edges
2026-07-19T17:20:46 INFO brainkm.db.migrate Applying migration 001_initial
2026-07-19T17:20:46 INFO brainkm.db.migrate Applying migration 002_temporal_lite
2026-07-19T17:20:46 INFO brainkm.db.migrate Applying migration 003_temporal_forgotten
2026-07-19T17:20:46 INFO brainkm.db.migrate Applying migration 004_session_snapshots
2026-07-19T17:20:46 INFO brainkm.db.migrate Applying migration 005_session_activity
2026-07-19T17:20:46 INFO brainkm.db.migrate Applying migration 006_semantic_embeddings
2026-07-19T17:20:46 INFO brainkm.db.migrate Applying migration 007_nodal_edges
2026-07-19T17:20:46 INFO brainkm.db.migrate Applying migration 001_initial
2026-07-19T17:20:46 INFO brainkm.db.migrate Applying migration 002_temporal_lite
2026-07-19T17:20:46 INFO brainkm.db.migrate Applying migration 003_temporal_forgotten
2026-07-19T17:20:46 INFO brainkm.db.migrate Applying migration 004_session_snapshots
2026-07-19T17:20:46 INFO brainkm.db.migrate Applying migration 005_session_activity
2026-07-19T17:20:46 INFO brainkm.db.migrate Applying migration 006_semantic_embeddings
2026-07-19T17:20:46 INFO brainkm.db.migrate Applying migration 007_nodal_edges
2026-07-19T17:20:46 INFO brainkm.db.migrate Applying migration 001_initial
2026-07-19T17:20:46 INFO brainkm.db.migrate Applying migration 002_temporal_lite
2026-07-19T17:20:46 INFO brainkm.db.migrate Applying migration 003_temporal_forgotten
2026-07-19T17:20:46 INFO brainkm.db.migrate Applying migration 004_session_snapshots
2026-07-19T17:20:46 INFO brainkm.db.migrate Applying migration 005_session_activity
2026-07-19T17:20:46 INFO brainkm.db.migrate Applying migration 006_semantic_embeddings
2026-07-19T17:20:46 INFO brainkm.db.migrate Applying migration 007_nodal_edges
2026-07-19T17:20:47 INFO brainkm.db.migrate Applying migration 001_initial
2026-07-19T17:20:47 INFO brainkm.db.migrate Applying migration 002_temporal_lite
2026-07-19T17:20:47 INFO brainkm.db.migrate Applying migration 003_temporal_forgotten
2026-07-19T17:20:47 INFO brainkm.db.migrate Applying migration 004_session_snapshots
2026-07-19T17:20:47 INFO brainkm.db.migrate Applying migration 005_session_activity
2026-07-19T17:20:47 INFO brainkm.db.migrate Applying migration 006_semantic_embeddings
2026-07-19T17:20:47 INFO brainkm.db.migrate Applying migration 007_nodal_edges
2026-07-19T17:20:47 INFO brainkm.db.migrate Applying migration 001_initial
2026-07-19T17:20:47 INFO brainkm.db.migrate Applying migration 002_temporal_lite
2026-07-19T17:20:47 INFO brainkm.db.migrate Applying migration 003_temporal_forgotten
2026-07-19T17:20:47 INFO brainkm.db.migrate Applying migration 004_session_snapshots
2026-07-19T17:20:47 INFO brainkm.db.migrate Applying migration 005_session_activity
2026-07-19T17:20:47 INFO brainkm.db.migrate Applying migration 006_semantic_embeddings
2026-07-19T17:20:47 INFO brainkm.db.migrate Applying migration 007_nodal_edges
2026-07-19T17:20:47 INFO brainkm.db.migrate Applying migration 001_initial
2026-07-19T17:20:47 INFO brainkm.db.migrate Applying migration 002_temporal_lite
2026-07-19T17:20:47 INFO brainkm.db.migrate Applying migration 003_temporal_forgotten
2026-07-19T17:20:47 INFO brainkm.db.migrate Applying migration 004_session_snapshots
2026-07-19T17:20:47 INFO brainkm.db.migrate Applying migration 005_session_activity
2026-07-19T17:20:47 INFO brainkm.db.migrate Applying migration 006_semantic_embeddings
2026-07-19T17:20:47 INFO brainkm.db.migrate Applying migration 007_nodal_edges
2026-07-19T17:20:47 INFO brainkm.db.migrate Applying migration 001_initial
2026-07-19T17:20:47 INFO brainkm.db.migrate Applying migration 002_temporal_lite
2026-07-19T17:20:47 INFO brainkm.db.migrate Applying migration 003_temporal_forgotten
2026-07-19T17:20:47 INFO brainkm.db.migrate Applying migration 004_session_snapshots
2026-07-19T17:20:47 INFO brainkm.db.migrate Applying migration 005_session_activity
2026-07-19T17:20:47 INFO brainkm.db.migrate Applying migration 006_semantic_embeddings
2026-07-19T17:20:47 INFO brainkm.db.migrate Applying migration 007_nodal_edges
2026-07-19T17:20:47 INFO brainkm.db.migrate Applying migration 001_initial
2026-07-19T17:20:47 INFO brainkm.db.migrate Applying migration 002_temporal_lite
2026-07-19T17:20:47 INFO brainkm.db.migrate Applying migration 003_temporal_forgotten
2026-07-19T17:20:47 INFO brainkm.db.migrate Applying migration 004_session_snapshots
2026-07-19T17:20:47 INFO brainkm.db.migrate Applying migration 005_session_activity
2026-07-19T17:20:47 INFO brainkm.db.migrate Applying migration 006_semantic_embeddings
2026-07-19T17:20:47 INFO brainkm.db.migrate Applying migration 007_nodal_edges
2026-07-19T17:20:48 INFO brainkm.db.migrate Applying migration 001_initial
2026-07-19T17:20:48 INFO brainkm.db.migrate Applying migration 002_temporal_lite
2026-07-19T17:20:48 INFO brainkm.db.migrate Applying migration 003_temporal_forgotten
2026-07-19T17:20:48 INFO brainkm.db.migrate Applying migration 004_session_snapshots
2026-07-19T17:20:48 INFO brainkm.db.migrate Applying migration 005_session_activity
2026-07-19T17:20:48 INFO brainkm.db.migrate Applying migration 006_semantic_embeddings
2026-07-19T17:20:48 INFO brainkm.db.migrate Applying migration 007_nodal_edges
2026-07-19T17:20:48 INFO brainkm.db.migrate Applying migration 001_initial
2026-07-19T17:20:48 INFO brainkm.db.migrate Applying migration 002_temporal_lite
2026-07-19T17:20:48 INFO brainkm.db.migrate Applying migration 003_temporal_forgotten
2026-07-19T17:20:48 INFO brainkm.db.migrate Applying migration 004_session_snapshots
2026-07-19T17:20:48 INFO brainkm.db.migrate Applying migration 005_session_activity
2026-07-19T17:20:48 INFO brainkm.db.migrate Applying migration 006_semantic_embeddings
2026-07-19T17:20:48 INFO brainkm.db.migrate Applying migration 007_nodal_edges
2026-07-19T17:20:48 INFO brainkm.db.migrate Applying migration 001_initial
2026-07-19T17:20:48 INFO brainkm.db.migrate Applying migration 002_temporal_lite
2026-07-19T17:20:48 INFO brainkm.db.migrate Applying migration 003_temporal_forgotten
2026-07-19T17:20:48 INFO brainkm.db.migrate Applying migration 004_session_snapshots
2026-07-19T17:20:48 INFO brainkm.db.migrate Applying migration 005_session_activity
2026-07-19T17:20:48 INFO brainkm.db.migrate Applying migration 006_semantic_embeddings
2026-07-19T17:20:48 INFO brainkm.db.migrate Applying migration 007_nodal_edges
2026-07-19T17:20:48 INFO brainkm.db.migrate Applying migration 001_initial
2026-07-19T17:20:48 INFO brainkm.db.migrate Applying migration 002_temporal_lite
2026-07-19T17:20:48 INFO brainkm.db.migrate Applying migration 003_temporal_forgotten
2026-07-19T17:20:48 INFO brainkm.db.migrate Applying migration 004_session_snapshots
2026-07-19T17:20:48 INFO brainkm.db.migrate Applying migration 005_session_activity
2026-07-19T17:20:48 INFO brainkm.db.migrate Applying migration 006_semantic_embeddings
2026-07-19T17:20:48 INFO brainkm.db.migrate Applying migration 007_nodal_edges
2026-07-19T17:20:49 INFO brainkm.db.migrate Applying migration 001_initial
2026-07-19T17:20:49 INFO brainkm.db.migrate Applying migration 002_temporal_lite
2026-07-19T17:20:49 INFO brainkm.db.migrate Applying migration 003_temporal_forgotten
2026-07-19T17:20:49 INFO brainkm.db.migrate Applying migration 004_session_snapshots
2026-07-19T17:20:49 INFO brainkm.db.migrate Applying migration 005_session_activity
2026-07-19T17:20:49 INFO brainkm.db.migrate Applying migration 006_semantic_embeddings
2026-07-19T17:20:49 INFO brainkm.db.migrate Applying migration 007_nodal_edges
2026-07-19T17:20:49 INFO brainkm.db.migrate Applying migration 001_initial
2026-07-19T17:20:49 INFO brainkm.db.migrate Applying migration 002_temporal_lite
2026-07-19T17:20:49 INFO brainkm.db.migrate Applying migration 003_temporal_forgotten
2026-07-19T17:20:49 INFO brainkm.db.migrate Applying migration 004_session_snapshots
2026-07-19T17:20:49 INFO brainkm.db.migrate Applying migration 005_session_activity
2026-07-19T17:20:49 INFO brainkm.db.migrate Applying migration 006_semantic_embeddings
2026-07-19T17:20:49 INFO brainkm.db.migrate Applying migration 007_nodal_edges
2026-07-19T17:20:49 INFO brainkm.db.migrate Applying migration 001_initial
2026-07-19T17:20:49 INFO brainkm.db.migrate Applying migration 002_temporal_lite
2026-07-19T17:20:49 INFO brainkm.db.migrate Applying migration 003_temporal_forgotten
2026-07-19T17:20:49 INFO brainkm.db.migrate Applying migration 004_session_snapshots
2026-07-19T17:20:49 INFO brainkm.db.migrate Applying migration 005_session_activity
2026-07-19T17:20:49 INFO brainkm.db.migrate Applying migration 006_semantic_embeddings
2026-07-19T17:20:49 INFO brainkm.db.migrate Applying migration 007_nodal_edges
2026-07-19T17:20:49 INFO brainkm.db.migrate Applying migration 001_initial
2026-07-19T17:20:49 INFO brainkm.db.migrate Applying migration 002_temporal_lite
2026-07-19T17:20:49 INFO brainkm.db.migrate Applying migration 003_temporal_forgotten
2026-07-19T17:20:49 INFO brainkm.db.migrate Applying migration 004_session_snapshots
2026-07-19T17:20:49 INFO brainkm.db.migrate Applying migration 005_session_activity
2026-07-19T17:20:49 INFO brainkm.db.migrate Applying migration 006_semantic_embeddings
2026-07-19T17:20:49 INFO brainkm.db.migrate Applying migration 007_nodal_edges
2026-07-19T17:20:50 INFO brainkm.db.migrate Applying migration 001_initial
2026-07-19T17:20:50 INFO brainkm.db.migrate Applying migration 002_temporal_lite
2026-07-19T17:20:50 INFO brainkm.db.migrate Applying migration 003_temporal_forgotten
2026-07-19T17:20:50 INFO brainkm.db.migrate Applying migration 004_session_snapshots
2026-07-19T17:20:50 INFO brainkm.db.migrate Applying migration 005_session_activity
2026-07-19T17:20:50 INFO brainkm.db.migrate Applying migration 006_semantic_embeddings
2026-07-19T17:20:50 INFO brainkm.db.migrate Applying migration 007_nodal_edges
2026-07-19T17:20:50 INFO brainkm.db.migrate Applying migration 001_initial
2026-07-19T17:20:50 INFO brainkm.db.migrate Applying migration 002_temporal_lite
2026-07-19T17:20:50 INFO brainkm.db.migrate Applying migration 003_temporal_forgotten
2026-07-19T17:20:50 INFO brainkm.db.migrate Applying migration 004_session_snapshots
2026-07-19T17:20:50 INFO brainkm.db.migrate Applying migration 005_session_activity
2026-07-19T17:20:50 INFO brainkm.db.migrate Applying migration 006_semantic_embeddings
2026-07-19T17:20:50 INFO brainkm.db.migrate Applying migration 007_nodal_edges
2026-07-19T17:20:50 INFO brainkm.db.migrate Applying migration 001_initial
2026-07-19T17:20:50 INFO brainkm.db.migrate Applying migration 002_temporal_lite
2026-07-19T17:20:50 INFO brainkm.db.migrate Applying migration 003_temporal_forgotten
2026-07-19T17:20:50 INFO brainkm.db.migrate Applying migration 004_session_snapshots
2026-07-19T17:20:50 INFO brainkm.db.migrate Applying migration 005_session_activity
2026-07-19T17:20:50 INFO brainkm.db.migrate Applying migration 006_semantic_embeddings
2026-07-19T17:20:50 INFO brainkm.db.migrate Applying migration 007_nodal_edges
2026-07-19T17:20:50 INFO brainkm.db.migrate Applying migration 001_initial
2026-07-19T17:20:50 INFO brainkm.db.migrate Applying migration 002_temporal_lite
2026-07-19T17:20:50 INFO brainkm.db.migrate Applying migration 003_temporal_forgotten
2026-07-19T17:20:50 INFO brainkm.db.migrate Applying migration 004_session_snapshots
2026-07-19T17:20:50 INFO brainkm.db.migrate Applying migration 005_session_activity
2026-07-19T17:20:50 INFO brainkm.db.migrate Applying migration 006_semantic_embeddings
2026-07-19T17:20:50 INFO brainkm.db.migrate Applying migration 007_nodal_edges
2026-07-19T17:20:51 INFO brainkm.db.migrate Applying migration 001_initial
2026-07-19T17:20:51 INFO brainkm.db.migrate Applying migration 002_temporal_lite
2026-07-19T17:20:51 INFO brainkm.db.migrate Applying migration 003_temporal_forgotten
2026-07-19T17:20:51 INFO brainkm.db.migrate Applying migration 004_session_snapshots
2026-07-19T17:20:51 INFO brainkm.db.migrate Applying migration 005_session_activity
2026-07-19T17:20:51 INFO brainkm.db.migrate Applying migration 006_semantic_embeddings
2026-07-19T17:20:51 INFO brainkm.db.migrate Applying migration 007_nodal_edges
2026-07-19T17:20:51 INFO brainkm.db.migrate Applying migration 001_initial
2026-07-19T17:20:51 INFO brainkm.db.migrate Applying migration 002_temporal_lite
2026-07-19T17:20:51 INFO brainkm.db.migrate Applying migration 003_temporal_forgotten
2026-07-19T17:20:51 INFO brainkm.db.migrate Applying migration 004_session_snapshots
2026-07-19T17:20:51 INFO brainkm.db.migrate Applying migration 005_session_activity
2026-07-19T17:20:51 INFO brainkm.db.migrate Applying migration 006_semantic_embeddings
2026-07-19T17:20:51 INFO brainkm.db.migrate Applying migration 007_nodal_edges
2026-07-19T17:20:51 INFO brainkm.db.migrate Applying migration 001_initial
2026-07-19T17:20:51 INFO brainkm.db.migrate Applying migration 002_temporal_lite
2026-07-19T17:20:51 INFO brainkm.db.migrate Applying migration 003_temporal_forgotten
2026-07-19T17:20:51 INFO brainkm.db.migrate Applying migration 004_session_snapshots
2026-07-19T17:20:51 INFO brainkm.db.migrate Applying migration 005_session_activity
2026-07-19T17:20:51 INFO brainkm.db.migrate Applying migration 006_semantic_embeddings
2026-07-19T17:20:51 INFO brainkm.db.migrate Applying migration 007_nodal_edges
2026-07-19T17:20:51 INFO brainkm.db.migrate Applying migration 001_initial
2026-07-19T17:20:51 INFO brainkm.db.migrate Applying migration 002_temporal_lite
2026-07-19T17:20:51 INFO brainkm.db.migrate Applying migration 003_temporal_forgotten
2026-07-19T17:20:51 INFO brainkm.db.migrate Applying migration 004_session_snapshots
2026-07-19T17:20:51 INFO brainkm.db.migrate Applying migration 005_session_activity
2026-07-19T17:20:51 INFO brainkm.db.migrate Applying migration 006_semantic_embeddings
2026-07-19T17:20:51 INFO brainkm.db.migrate Applying migration 007_nodal_edges
2026-07-19T17:20:51 INFO brainkm.db.migrate Applying migration 001_initial
2026-07-19T17:20:51 INFO brainkm.db.migrate Applying migration 002_temporal_lite
2026-07-19T17:20:51 INFO brainkm.db.migrate Applying migration 003_temporal_forgotten
2026-07-19T17:20:51 INFO brainkm.db.migrate Applying migration 004_session_snapshots
2026-07-19T17:20:51 INFO brainkm.db.migrate Applying migration 005_session_activity
2026-07-19T17:20:51 INFO brainkm.db.migrate Applying migration 006_semantic_embeddings
2026-07-19T17:20:51 INFO brainkm.db.migrate Applying migration 007_nodal_edges
2026-07-19T17:20:52 INFO brainkm.db.migrate Applying migration 001_initial
2026-07-19T17:20:52 INFO brainkm.db.migrate Applying migration 002_temporal_lite
2026-07-19T17:20:52 INFO brainkm.db.migrate Applying migration 003_temporal_forgotten
2026-07-19T17:20:52 INFO brainkm.db.migrate Applying migration 004_session_snapshots
2026-07-19T17:20:52 INFO brainkm.db.migrate Applying migration 005_session_activity
2026-07-19T17:20:52 INFO brainkm.db.migrate Applying migration 006_semantic_embeddings
2026-07-19T17:20:52 INFO brainkm.db.migrate Applying migration 007_nodal_edges
2026-07-19T17:20:52 INFO brainkm.db.migrate Applying migration 001_initial
2026-07-19T17:20:52 INFO brainkm.db.migrate Applying migration 002_temporal_lite
2026-07-19T17:20:52 INFO brainkm.db.migrate Applying migration 003_temporal_forgotten
2026-07-19T17:20:52 INFO brainkm.db.migrate Applying migration 004_session_snapshots
2026-07-19T17:20:52 INFO brainkm.db.migrate Applying migration 005_session_activity
2026-07-19T17:20:52 INFO brainkm.db.migrate Applying migration 006_semantic_embeddings
2026-07-19T17:20:52 INFO brainkm.db.migrate Applying migration 007_nodal_edges
2026-07-19T17:20:52 INFO brainkm.db.migrate Applying migration 001_initial
2026-07-19T17:20:52 INFO brainkm.db.migrate Applying migration 002_temporal_lite
2026-07-19T17:20:52 INFO brainkm.db.migrate Applying migration 003_temporal_forgotten
2026-07-19T17:20:52 INFO brainkm.db.migrate Applying migration 004_session_snapshots
2026-07-19T17:20:52 INFO brainkm.db.migrate Applying migration 005_session_activity
2026-07-19T17:20:52 INFO brainkm.db.migrate Applying migration 006_semantic_embeddings
2026-07-19T17:20:52 INFO brainkm.db.migrate Applying migration 007_nodal_edges
2026-07-19T17:20:52 INFO brainkm.db.migrate Applying migration 001_initial
2026-07-19T17:20:52 INFO brainkm.db.migrate Applying migration 002_temporal_lite
2026-07-19T17:20:52 INFO brainkm.db.migrate Applying migration 003_temporal_forgotten
2026-07-19T17:20:52 INFO brainkm.db.migrate Applying migration 004_session_snapshots
2026-07-19T17:20:52 INFO brainkm.db.migrate Applying migration 005_session_activity
2026-07-19T17:20:52 INFO brainkm.db.migrate Applying migration 006_semantic_embeddings
2026-07-19T17:20:52 INFO brainkm.db.migrate Applying migration 007_nodal_edges
2026-07-19T17:20:53 INFO brainkm.db.migrate Applying migration 001_initial
2026-07-19T17:20:53 INFO brainkm.db.migrate Applying migration 002_temporal_lite
2026-07-19T17:20:53 INFO brainkm.db.migrate Applying migration 003_temporal_forgotten
2026-07-19T17:20:53 INFO brainkm.db.migrate Applying migration 004_session_snapshots
2026-07-19T17:20:53 INFO brainkm.db.migrate Applying migration 005_session_activity
2026-07-19T17:20:53 INFO brainkm.db.migrate Applying migration 006_semantic_embeddings
2026-07-19T17:20:53 INFO brainkm.db.migrate Applying migration 007_nodal_edges
2026-07-19T17:20:53 INFO brainkm.db.migrate Applying migration 001_initial
2026-07-19T17:20:53 INFO brainkm.db.migrate Applying migration 002_temporal_lite
2026-07-19T17:20:53 INFO brainkm.db.migrate Applying migration 003_temporal_forgotten
2026-07-19T17:20:53 INFO brainkm.db.migrate Applying migration 004_session_snapshots
2026-07-19T17:20:53 INFO brainkm.db.migrate Applying migration 005_session_activity
2026-07-19T17:20:53 INFO brainkm.db.migrate Applying migration 006_semantic_embeddings
2026-07-19T17:20:53 INFO brainkm.db.migrate Applying migration 007_nodal_edges
2026-07-19T17:20:53 INFO brainkm.db.migrate Applying migration 001_initial
2026-07-19T17:20:53 INFO brainkm.db.migrate Applying migration 002_temporal_lite
2026-07-19T17:20:53 INFO brainkm.db.migrate Applying migration 003_temporal_forgotten
2026-07-19T17:20:53 INFO brainkm.db.migrate Applying migration 004_session_snapshots
2026-07-19T17:20:53 INFO brainkm.db.migrate Applying migration 005_session_activity
2026-07-19T17:20:53 INFO brainkm.db.migrate Applying migration 006_semantic_embeddings
2026-07-19T17:20:53 INFO brainkm.db.migrate Applying migration 007_nodal_edges
2026-07-19T17:20:53 INFO brainkm.db.migrate Applying migration 001_initial
2026-07-19T17:20:53 INFO brainkm.db.migrate Applying migration 002_temporal_lite
2026-07-19T17:20:53 INFO brainkm.db.migrate Applying migration 003_temporal_forgotten
2026-07-19T17:20:53 INFO brainkm.db.migrate Applying migration 004_session_snapshots
2026-07-19T17:20:53 INFO brainkm.db.migrate Applying migration 005_session_activity
2026-07-19T17:20:54 INFO brainkm.db.migrate Applying migration 006_semantic_embeddings
2026-07-19T17:20:54 INFO brainkm.db.migrate Applying migration 007_nodal_edges
2026-07-19T17:20:54 INFO brainkm.db.migrate Applying migration 001_initial
2026-07-19T17:20:54 INFO brainkm.db.migrate Applying migration 002_temporal_lite
2026-07-19T17:20:54 INFO brainkm.db.migrate Applying migration 003_temporal_forgotten
2026-07-19T17:20:54 INFO brainkm.db.migrate Applying migration 004_session_snapshots
2026-07-19T17:20:54 INFO brainkm.db.migrate Applying migration 005_session_activity
2026-07-19T17:20:54 INFO brainkm.db.migrate Applying migration 006_semantic_embeddings
2026-07-19T17:20:54 INFO brainkm.db.migrate Applying migration 007_nodal_edges
2026-07-19T17:20:54 INFO brainkm.db.migrate Applying migration 001_initial
2026-07-19T17:20:54 INFO brainkm.db.migrate Applying migration 002_temporal_lite
2026-07-19T17:20:54 INFO brainkm.db.migrate Applying migration 003_temporal_forgotten
2026-07-19T17:20:54 INFO brainkm.db.migrate Applying migration 004_session_snapshots
2026-07-19T17:20:54 INFO brainkm.db.migrate Applying migration 005_session_activity
2026-07-19T17:20:54 INFO brainkm.db.migrate Applying migration 006_semantic_embeddings
2026-07-19T17:20:54 INFO brainkm.db.migrate Applying migration 007_nodal_edges
2026-07-19T17:20:54 INFO brainkm.db.migrate Applying migration 001_initial
2026-07-19T17:20:54 INFO brainkm.db.migrate Applying migration 002_temporal_lite
2026-07-19T17:20:54 INFO brainkm.db.migrate Applying migration 003_temporal_forgotten
2026-07-19T17:20:54 INFO brainkm.db.migrate Applying migration 004_session_snapshots
2026-07-19T17:20:54 INFO brainkm.db.migrate Applying migration 005_session_activity
2026-07-19T17:20:54 INFO brainkm.db.migrate Applying migration 006_semantic_embeddings
2026-07-19T17:20:54 INFO brainkm.db.migrate Applying migration 007_nodal_edges
2026-07-19T17:20:55 INFO brainkm.db.migrate Applying migration 001_initial
2026-07-19T17:20:55 INFO brainkm.db.migrate Applying migration 002_temporal_lite
2026-07-19T17:20:55 INFO brainkm.db.migrate Applying migration 003_temporal_forgotten
2026-07-19T17:20:55 INFO brainkm.db.migrate Applying migration 004_session_snapshots
2026-07-19T17:20:55 INFO brainkm.db.migrate Applying migration 005_session_activity
2026-07-19T17:20:55 INFO brainkm.db.migrate Applying migration 006_semantic_embeddings
2026-07-19T17:20:55 INFO brainkm.db.migrate Applying migration 007_nodal_edges
2026-07-19T17:20:55 INFO brainkm.db.migrate Applying migration 001_initial
2026-07-19T17:20:55 INFO brainkm.db.migrate Applying migration 002_temporal_lite
2026-07-19T17:20:55 INFO brainkm.db.migrate Applying migration 003_temporal_forgotten
2026-07-19T17:20:55 INFO brainkm.db.migrate Applying migration 004_session_snapshots
2026-07-19T17:20:55 INFO brainkm.db.migrate Applying migration 005_session_activity
2026-07-19T17:20:55 INFO brainkm.db.migrate Applying migration 006_semantic_embeddings
2026-07-19T17:20:55 INFO brainkm.db.migrate Applying migration 007_nodal_edges
2026-07-19T17:20:55 INFO brainkm.db.migrate Applying migration 001_initial
2026-07-19T17:20:55 INFO brainkm.db.migrate Applying migration 002_temporal_lite
2026-07-19T17:20:55 INFO brainkm.db.migrate Applying migration 003_temporal_forgotten
2026-07-19T17:20:55 INFO brainkm.db.migrate Applying migration 004_session_snapshots
2026-07-19T17:20:55 INFO brainkm.db.migrate Applying migration 005_session_activity
2026-07-19T17:20:55 INFO brainkm.db.migrate Applying migration 006_semantic_embeddings
2026-07-19T17:20:55 INFO brainkm.db.migrate Applying migration 007_nodal_edges
2026-07-19T17:20:56 INFO brainkm.db.migrate Applying migration 001_initial
2026-07-19T17:20:56 INFO brainkm.db.migrate Applying migration 002_temporal_lite
2026-07-19T17:20:56 INFO brainkm.db.migrate Applying migration 003_temporal_forgotten
2026-07-19T17:20:56 INFO brainkm.db.migrate Applying migration 004_session_snapshots
2026-07-19T17:20:56 INFO brainkm.db.migrate Applying migration 005_session_activity
2026-07-19T17:20:56 INFO brainkm.db.migrate Applying migration 006_semantic_embeddings
2026-07-19T17:20:56 INFO brainkm.db.migrate Applying migration 007_nodal_edges
2026-07-19T17:20:56 INFO brainkm.db.migrate Applying migration 001_initial
2026-07-19T17:20:56 INFO brainkm.db.migrate Applying migration 002_temporal_lite
2026-07-19T17:20:56 INFO brainkm.db.migrate Applying migration 003_temporal_forgotten
2026-07-19T17:20:56 INFO brainkm.db.migrate Applying migration 004_session_snapshots
2026-07-19T17:20:56 INFO brainkm.db.migrate Applying migration 005_session_activity
2026-07-19T17:20:56 INFO brainkm.db.migrate Applying migration 006_semantic_embeddings
2026-07-19T17:20:56 INFO brainkm.db.migrate Applying migration 007_nodal_edges
2026-07-19T17:20:56 INFO brainkm.db.migrate Applying migration 001_initial
2026-07-19T17:20:56 INFO brainkm.db.migrate Applying migration 002_temporal_lite
2026-07-19T17:20:56 INFO brainkm.db.migrate Applying migration 003_temporal_forgotten
2026-07-19T17:20:56 INFO brainkm.db.migrate Applying migration 004_session_snapshots
2026-07-19T17:20:56 INFO brainkm.db.migrate Applying migration 005_session_activity
2026-07-19T17:20:56 INFO brainkm.db.migrate Applying migration 006_semantic_embeddings
2026-07-19T17:20:56 INFO brainkm.db.migrate Applying migration 007_nodal_edges
2026-07-19T17:20:57 INFO brainkm.db.migrate Applying migration 001_initial
2026-07-19T17:20:57 INFO brainkm.db.migrate Applying migration 002_temporal_lite
2026-07-19T17:20:57 INFO brainkm.db.migrate Applying migration 003_temporal_forgotten
2026-07-19T17:20:57 INFO brainkm.db.migrate Applying migration 004_session_snapshots
2026-07-19T17:20:57 INFO brainkm.db.migrate Applying migration 005_session_activity
2026-07-19T17:20:57 INFO brainkm.db.migrate Applying migration 006_semantic_embeddings
2026-07-19T17:20:57 INFO brainkm.db.migrate Applying migration 007_nodal_edges
2026-07-19T17:20:57 INFO brainkm.db.migrate Applying migration 001_initial
2026-07-19T17:20:57 INFO brainkm.db.migrate Applying migration 002_temporal_lite
2026-07-19T17:20:57 INFO brainkm.db.migrate Applying migration 003_temporal_forgotten
2026-07-19T17:20:57 INFO brainkm.db.migrate Applying migration 004_session_snapshots
2026-07-19T17:20:57 INFO brainkm.db.migrate Applying migration 005_session_activity
2026-07-19T17:20:57 INFO brainkm.db.migrate Applying migration 006_semantic_embeddings
2026-07-19T17:20:57 INFO brainkm.db.migrate Applying migration 007_nodal_edges
2026-07-19T17:20:57 INFO brainkm.db.migrate Applying migration 001_initial
2026-07-19T17:20:57 INFO brainkm.db.migrate Applying migration 002_temporal_lite
2026-07-19T17:20:57 INFO brainkm.db.migrate Applying migration 003_temporal_forgotten
2026-07-19T17:20:57 INFO brainkm.db.migrate Applying migration 004_session_snapshots
2026-07-19T17:20:57 INFO brainkm.db.migrate Applying migration 005_session_activity
2026-07-19T17:20:57 INFO brainkm.db.migrate Applying migration 006_semantic_embeddings
2026-07-19T17:20:57 INFO brainkm.db.migrate Applying migration 007_nodal_edges
2026-07-19T17:20:57 INFO brainkm.db.migrate Applying migration 001_initial
2026-07-19T17:20:57 INFO brainkm.db.migrate Applying migration 002_temporal_lite
2026-07-19T17:20:57 INFO brainkm.db.migrate Applying migration 003_temporal_forgotten
2026-07-19T17:20:57 INFO brainkm.db.migrate Applying migration 004_session_snapshots
2026-07-19T17:20:57 INFO brainkm.db.migrate Applying migration 005_session_activity
2026-07-19T17:20:57 INFO brainkm.db.migrate Applying migration 006_semantic_embeddings
2026-07-19T17:20:57 INFO brainkm.db.migrate Applying migration 007_nodal_edges
2026-07-19T17:20:58 INFO brainkm.db.migrate Applying migration 001_initial
2026-07-19T17:20:58 INFO brainkm.db.migrate Applying migration 002_temporal_lite
2026-07-19T17:20:58 INFO brainkm.db.migrate Applying migration 003_temporal_forgotten
2026-07-19T17:20:58 INFO brainkm.db.migrate Applying migration 004_session_snapshots
2026-07-19T17:20:58 INFO brainkm.db.migrate Applying migration 005_session_activity
2026-07-19T17:20:58 INFO brainkm.db.migrate Applying migration 006_semantic_embeddings
2026-07-19T17:20:58 INFO brainkm.db.migrate Applying migration 007_nodal_edges
2026-07-19T17:20:58 INFO brainkm.db.migrate Applying migration 001_initial
2026-07-19T17:20:58 INFO brainkm.db.migrate Applying migration 002_temporal_lite
2026-07-19T17:20:58 INFO brainkm.db.migrate Applying migration 003_temporal_forgotten
2026-07-19T17:20:58 INFO brainkm.db.migrate Applying migration 004_session_snapshots
2026-07-19T17:20:58 INFO brainkm.db.migrate Applying migration 005_session_activity
2026-07-19T17:20:58 INFO brainkm.db.migrate Applying migration 006_semantic_embeddings
2026-07-19T17:20:58 INFO brainkm.db.migrate Applying migration 007_nodal_edges
2026-07-19T17:20:58 INFO brainkm.db.migrate Applying migration 001_initial
2026-07-19T17:20:58 INFO brainkm.db.migrate Applying migration 002_temporal_lite
2026-07-19T17:20:58 INFO brainkm.db.migrate Applying migration 003_temporal_forgotten
2026-07-19T17:20:58 INFO brainkm.db.migrate Applying migration 004_session_snapshots
2026-07-19T17:20:58 INFO brainkm.db.migrate Applying migration 005_session_activity
2026-07-19T17:20:58 INFO brainkm.db.migrate Applying migration 006_semantic_embeddings
2026-07-19T17:20:58 INFO brainkm.db.migrate Applying migration 007_nodal_edges
2026-07-19T17:20:58 INFO brainkm.db.migrate Applying migration 001_initial
2026-07-19T17:20:58 INFO brainkm.db.migrate Applying migration 002_temporal_lite
2026-07-19T17:20:58 INFO brainkm.db.migrate Applying migration 003_temporal_forgotten
2026-07-19T17:20:58 INFO brainkm.db.migrate Applying migration 004_session_snapshots
2026-07-19T17:20:58 INFO brainkm.db.migrate Applying migration 005_session_activity
2026-07-19T17:20:58 INFO brainkm.db.migrate Applying migration 006_semantic_embeddings
2026-07-19T17:20:58 INFO brainkm.db.migrate Applying migration 007_nodal_edges
2026-07-19T17:20:59 INFO brainkm.db.migrate Applying migration 001_initial
2026-07-19T17:20:59 INFO brainkm.db.migrate Applying migration 002_temporal_lite
2026-07-19T17:20:59 INFO brainkm.db.migrate Applying migration 003_temporal_forgotten
2026-07-19T17:20:59 INFO brainkm.db.migrate Applying migration 004_session_snapshots
2026-07-19T17:20:59 INFO brainkm.db.migrate Applying migration 005_session_activity
2026-07-19T17:20:59 INFO brainkm.db.migrate Applying migration 006_semantic_embeddings
2026-07-19T17:20:59 INFO brainkm.db.migrate Applying migration 007_nodal_edges
2026-07-19T17:20:59 INFO brainkm.db.migrate Applying migration 001_initial
2026-07-19T17:20:59 INFO brainkm.db.migrate Applying migration 002_temporal_lite
2026-07-19T17:20:59 INFO brainkm.db.migrate Applying migration 003_temporal_forgotten
2026-07-19T17:20:59 INFO brainkm.db.migrate Applying migration 004_session_snapshots
2026-07-19T17:20:59 INFO brainkm.db.migrate Applying migration 005_session_activity
2026-07-19T17:20:59 INFO brainkm.db.migrate Applying migration 006_semantic_embeddings
2026-07-19T17:20:59 INFO brainkm.db.migrate Applying migration 007_nodal_edges
2026-07-19T17:20:59 INFO brainkm.db.migrate Applying migration 001_initial
2026-07-19T17:20:59 INFO brainkm.db.migrate Applying migration 002_temporal_lite
2026-07-19T17:20:59 INFO brainkm.db.migrate Applying migration 003_temporal_forgotten
2026-07-19T17:20:59 INFO brainkm.db.migrate Applying migration 004_session_snapshots
2026-07-19T17:20:59 INFO brainkm.db.migrate Applying migration 005_session_activity
2026-07-19T17:20:59 INFO brainkm.db.migrate Applying migration 006_semantic_embeddings
2026-07-19T17:20:59 INFO brainkm.db.migrate Applying migration 007_nodal_edges
2026-07-19T17:20:59 INFO brainkm.db.migrate Applying migration 001_initial
2026-07-19T17:20:59 INFO brainkm.db.migrate Applying migration 002_temporal_lite
2026-07-19T17:20:59 INFO brainkm.db.migrate Applying migration 003_temporal_forgotten
2026-07-19T17:20:59 INFO brainkm.db.migrate Applying migration 004_session_snapshots
2026-07-19T17:20:59 INFO brainkm.db.migrate Applying migration 005_session_activity
2026-07-19T17:20:59 INFO brainkm.db.migrate Applying migration 006_semantic_embeddings
2026-07-19T17:20:59 INFO brainkm.db.migrate Applying migration 007_nodal_edges
2026-07-19T17:21:00 INFO brainkm.db.migrate Applying migration 001_initial
2026-07-19T17:21:00 INFO brainkm.db.migrate Applying migration 002_temporal_lite
2026-07-19T17:21:00 INFO brainkm.db.migrate Applying migration 003_temporal_forgotten
2026-07-19T17:21:00 INFO brainkm.db.migrate Applying migration 004_session_snapshots
2026-07-19T17:21:00 INFO brainkm.db.migrate Applying migration 005_session_activity
2026-07-19T17:21:00 INFO brainkm.db.migrate Applying migration 006_semantic_embeddings
2026-07-19T17:21:00 INFO brainkm.db.migrate Applying migration 007_nodal_edges
2026-07-19T17:21:00 INFO brainkm.db.migrate Applying migration 001_initial
2026-07-19T17:21:00 INFO brainkm.db.migrate Applying migration 002_temporal_lite
2026-07-19T17:21:00 INFO brainkm.db.migrate Applying migration 003_temporal_forgotten
2026-07-19T17:21:00 INFO brainkm.db.migrate Applying migration 004_session_snapshots
2026-07-19T17:21:00 INFO brainkm.db.migrate Applying migration 005_session_activity
2026-07-19T17:21:00 INFO brainkm.db.migrate Applying migration 006_semantic_embeddings
2026-07-19T17:21:00 INFO brainkm.db.migrate Applying migration 007_nodal_edges
2026-07-19T17:21:00 INFO brainkm.db.migrate Applying migration 001_initial
2026-07-19T17:21:00 INFO brainkm.db.migrate Applying migration 002_temporal_lite
2026-07-19T17:21:00 INFO brainkm.db.migrate Applying migration 003_temporal_forgotten
2026-07-19T17:21:00 INFO brainkm.db.migrate Applying migration 004_session_snapshots
2026-07-19T17:21:00 INFO brainkm.db.migrate Applying migration 005_session_activity
2026-07-19T17:21:00 INFO brainkm.db.migrate Applying migration 006_semantic_embeddings
2026-07-19T17:21:00 INFO brainkm.db.migrate Applying migration 007_nodal_edges
2026-07-19T17:21:00 INFO brainkm.db.migrate Applying migration 001_initial
2026-07-19T17:21:00 INFO brainkm.db.migrate Applying migration 002_temporal_lite
2026-07-19T17:21:00 INFO brainkm.db.migrate Applying migration 003_temporal_forgotten
2026-07-19T17:21:00 INFO brainkm.db.migrate Applying migration 004_session_snapshots
2026-07-19T17:21:00 INFO brainkm.db.migrate Applying migration 005_session_activity
2026-07-19T17:21:00 INFO brainkm.db.migrate Applying migration 006_semantic_embeddings
2026-07-19T17:21:00 INFO brainkm.db.migrate Applying migration 007_nodal_edges
2026-07-19T17:21:01 INFO brainkm.db.migrate Applying migration 001_initial
2026-07-19T17:21:01 INFO brainkm.db.migrate Applying migration 002_temporal_lite
2026-07-19T17:21:01 INFO brainkm.db.migrate Applying migration 003_temporal_forgotten
2026-07-19T17:21:01 INFO brainkm.db.migrate Applying migration 004_session_snapshots
2026-07-19T17:21:01 INFO brainkm.db.migrate Applying migration 005_session_activity
2026-07-19T17:21:01 INFO brainkm.db.migrate Applying migration 006_semantic_embeddings
2026-07-19T17:21:01 INFO brainkm.db.migrate Applying migration 007_nodal_edges
2026-07-19T17:21:01 INFO brainkm.db.migrate Applying migration 001_initial
2026-07-19T17:21:01 INFO brainkm.db.migrate Applying migration 002_temporal_lite
2026-07-19T17:21:01 INFO brainkm.db.migrate Applying migration 003_temporal_forgotten
2026-07-19T17:21:01 INFO brainkm.db.migrate Applying migration 004_session_snapshots
2026-07-19T17:21:01 INFO brainkm.db.migrate Applying migration 005_session_activity
2026-07-19T17:21:01 INFO brainkm.db.migrate Applying migration 006_semantic_embeddings
2026-07-19T17:21:01 INFO brainkm.db.migrate Applying migration 007_nodal_edges
2026-07-19T17:21:01 INFO brainkm.db.migrate Applying migration 001_initial
2026-07-19T17:21:01 INFO brainkm.db.migrate Applying migration 002_temporal_lite
2026-07-19T17:21:01 INFO brainkm.db.migrate Applying migration 003_temporal_forgotten
2026-07-19T17:21:01 INFO brainkm.db.migrate Applying migration 004_session_snapshots
2026-07-19T17:21:01 INFO brainkm.db.migrate Applying migration 005_session_activity
2026-07-19T17:21:01 INFO brainkm.db.migrate Applying migration 006_semantic_embeddings
2026-07-19T17:21:01 INFO brainkm.db.migrate Applying migration 007_nodal_edges
2026-07-19T17:21:01 INFO brainkm.db.migrate Applying migration 001_initial
2026-07-19T17:21:01 INFO brainkm.db.migrate Applying migration 002_temporal_lite
2026-07-19T17:21:01 INFO brainkm.db.migrate Applying migration 003_temporal_forgotten
2026-07-19T17:21:01 INFO brainkm.db.migrate Applying migration 004_session_snapshots
2026-07-19T17:21:01 INFO brainkm.db.migrate Applying migration 005_session_activity
2026-07-19T17:21:01 INFO brainkm.db.migrate Applying migration 006_semantic_embeddings
2026-07-19T17:21:01 INFO brainkm.db.migrate Applying migration 007_nodal_edges
2026-07-19T17:21:02 INFO brainkm.db.migrate Applying migration 001_initial
2026-07-19T17:21:02 INFO brainkm.db.migrate Applying migration 002_temporal_lite
2026-07-19T17:21:02 INFO brainkm.db.migrate Applying migration 003_temporal_forgotten
2026-07-19T17:21:02 INFO brainkm.db.migrate Applying migration 004_session_snapshots
2026-07-19T17:21:02 INFO brainkm.db.migrate Applying migration 005_session_activity
2026-07-19T17:21:02 INFO brainkm.db.migrate Applying migration 006_semantic_embeddings
2026-07-19T17:21:02 INFO brainkm.db.migrate Applying migration 007_nodal_edges
2026-07-19T17:21:02 INFO brainkm.db.migrate Applying migration 001_initial
2026-07-19T17:21:02 INFO brainkm.db.migrate Applying migration 002_temporal_lite
2026-07-19T17:21:02 INFO brainkm.db.migrate Applying migration 003_temporal_forgotten
2026-07-19T17:21:02 INFO brainkm.db.migrate Applying migration 004_session_snapshots
2026-07-19T17:21:02 INFO brainkm.db.migrate Applying migration 005_session_activity
2026-07-19T17:21:02 INFO brainkm.db.migrate Applying migration 006_semantic_embeddings
2026-07-19T17:21:02 INFO brainkm.db.migrate Applying migration 007_nodal_edges
2026-07-19T17:21:02 INFO brainkm.db.migrate Applying migration 001_initial
2026-07-19T17:21:02 INFO brainkm.db.migrate Applying migration 002_temporal_lite
2026-07-19T17:21:02 INFO brainkm.db.migrate Applying migration 003_temporal_forgotten
2026-07-19T17:21:02 INFO brainkm.db.migrate Applying migration 004_session_snapshots
2026-07-19T17:21:02 INFO brainkm.db.migrate Applying migration 005_session_activity
2026-07-19T17:21:02 INFO brainkm.db.migrate Applying migration 006_semantic_embeddings
2026-07-19T17:21:02 INFO brainkm.db.migrate Applying migration 007_nodal_edges
2026-07-19T17:21:02 INFO brainkm.db.migrate Applying migration 001_initial
2026-07-19T17:21:02 INFO brainkm.db.migrate Applying migration 002_temporal_lite
2026-07-19T17:21:02 INFO brainkm.db.migrate Applying migration 003_temporal_forgotten
2026-07-19T17:21:02 INFO brainkm.db.migrate Applying migration 004_session_snapshots
2026-07-19T17:21:02 INFO brainkm.db.migrate Applying migration 005_session_activity
2026-07-19T17:21:02 INFO brainkm.db.migrate Applying migration 006_semantic_embeddings
2026-07-19T17:21:02 INFO brainkm.db.migrate Applying migration 007_nodal_edges
2026-07-19T17:21:03 INFO brainkm.db.migrate Applying migration 001_initial
2026-07-19T17:21:03 INFO brainkm.db.migrate Applying migration 002_temporal_lite
2026-07-19T17:21:03 INFO brainkm.db.migrate Applying migration 003_temporal_forgotten
2026-07-19T17:21:03 INFO brainkm.db.migrate Applying migration 004_session_snapshots
2026-07-19T17:21:03 INFO brainkm.db.migrate Applying migration 005_session_activity
2026-07-19T17:21:03 INFO brainkm.db.migrate Applying migration 006_semantic_embeddings
2026-07-19T17:21:03 INFO brainkm.db.migrate Applying migration 007_nodal_edges
2026-07-19T17:21:03 INFO brainkm.db.migrate Applying migration 001_initial
2026-07-19T17:21:03 INFO brainkm.db.migrate Applying migration 002_temporal_lite
2026-07-19T17:21:03 INFO brainkm.db.migrate Applying migration 003_temporal_forgotten
2026-07-19T17:21:03 INFO brainkm.db.migrate Applying migration 004_session_snapshots
2026-07-19T17:21:03 INFO brainkm.db.migrate Applying migration 005_session_activity
2026-07-19T17:21:03 INFO brainkm.db.migrate Applying migration 006_semantic_embeddings
2026-07-19T17:21:03 INFO brainkm.db.migrate Applying migration 007_nodal_edges
2026-07-19T17:21:03 INFO brainkm.db.migrate Applying migration 001_initial
2026-07-19T17:21:03 INFO brainkm.db.migrate Applying migration 002_temporal_lite
2026-07-19T17:21:03 INFO brainkm.db.migrate Applying migration 003_temporal_forgotten
2026-07-19T17:21:03 INFO brainkm.db.migrate Applying migration 004_session_snapshots
2026-07-19T17:21:03 INFO brainkm.db.migrate Applying migration 005_session_activity
2026-07-19T17:21:03 INFO brainkm.db.migrate Applying migration 006_semantic_embeddings
2026-07-19T17:21:03 INFO brainkm.db.migrate Applying migration 007_nodal_edges
2026-07-19T17:21:03 INFO brainkm.db.migrate Applying migration 001_initial
2026-07-19T17:21:03 INFO brainkm.db.migrate Applying migration 002_temporal_lite
2026-07-19T17:21:03 INFO brainkm.db.migrate Applying migration 003_temporal_forgotten
2026-07-19T17:21:03 INFO brainkm.db.migrate Applying migration 004_session_snapshots
2026-07-19T17:21:03 INFO brainkm.db.migrate Applying migration 005_session_activity
2026-07-19T17:21:03 INFO brainkm.db.migrate Applying migration 006_semantic_embeddings
2026-07-19T17:21:03 INFO brainkm.db.migrate Applying migration 007_nodal_edges
2026-07-19T17:21:04 INFO brainkm.db.migrate Applying migration 001_initial
2026-07-19T17:21:04 INFO brainkm.db.migrate Applying migration 002_temporal_lite
2026-07-19T17:21:04 INFO brainkm.db.migrate Applying migration 003_temporal_forgotten
2026-07-19T17:21:04 INFO brainkm.db.migrate Applying migration 004_session_snapshots
2026-07-19T17:21:04 INFO brainkm.db.migrate Applying migration 005_session_activity
2026-07-19T17:21:04 INFO brainkm.db.migrate Applying migration 006_semantic_embeddings
2026-07-19T17:21:04 INFO brainkm.db.migrate Applying migration 007_nodal_edges
2026-07-19T17:21:04 INFO brainkm.db.migrate Applying migration 001_initial
2026-07-19T17:21:04 INFO brainkm.db.migrate Applying migration 002_temporal_lite
2026-07-19T17:21:04 INFO brainkm.db.migrate Applying migration 003_temporal_forgotten
2026-07-19T17:21:04 INFO brainkm.db.migrate Applying migration 004_session_snapshots
2026-07-19T17:21:04 INFO brainkm.db.migrate Applying migration 005_session_activity
2026-07-19T17:21:04 INFO brainkm.db.migrate Applying migration 006_semantic_embeddings
2026-07-19T17:21:04 INFO brainkm.db.migrate Applying migration 007_nodal_edges
2026-07-19T17:21:04 INFO brainkm.db.migrate Applying migration 001_initial
2026-07-19T17:21:04 INFO brainkm.db.migrate Applying migration 002_temporal_lite
2026-07-19T17:21:04 INFO brainkm.db.migrate Applying migration 003_temporal_forgotten
2026-07-19T17:21:04 INFO brainkm.db.migrate Applying migration 004_session_snapshots
2026-07-19T17:21:04 INFO brainkm.db.migrate Applying migration 005_session_activity
2026-07-19T17:21:04 INFO brainkm.db.migrate Applying migration 006_semantic_embeddings
2026-07-19T17:21:04 INFO brainkm.db.migrate Applying migration 007_nodal_edges
2026-07-19T17:21:04 INFO brainkm.db.migrate Applying migration 001_initial
2026-07-19T17:21:04 INFO brainkm.db.migrate Applying migration 002_temporal_lite
2026-07-19T17:21:04 INFO brainkm.db.migrate Applying migration 003_temporal_forgotten
2026-07-19T17:21:04 INFO brainkm.db.migrate Applying migration 004_session_snapshots
2026-07-19T17:21:04 INFO brainkm.db.migrate Applying migration 005_session_activity
2026-07-19T17:21:04 INFO brainkm.db.migrate Applying migration 006_semantic_embeddings
2026-07-19T17:21:04 INFO brainkm.db.migrate Applying migration 007_nodal_edges
2026-07-19T17:21:05 INFO brainkm.db.migrate Applying migration 001_initial
2026-07-19T17:21:05 INFO brainkm.db.migrate Applying migration 002_temporal_lite
2026-07-19T17:21:05 INFO brainkm.db.migrate Applying migration 003_temporal_forgotten
2026-07-19T17:21:05 INFO brainkm.db.migrate Applying migration 004_session_snapshots
2026-07-19T17:21:05 INFO brainkm.db.migrate Applying migration 005_session_activity
2026-07-19T17:21:05 INFO brainkm.db.migrate Applying migration 006_semantic_embeddings
2026-07-19T17:21:05 INFO brainkm.db.migrate Applying migration 007_nodal_edges
2026-07-19T17:21:05 INFO brainkm.db.migrate Applying migration 001_initial
2026-07-19T17:21:05 INFO brainkm.db.migrate Applying migration 002_temporal_lite
2026-07-19T17:21:05 INFO brainkm.db.migrate Applying migration 003_temporal_forgotten
2026-07-19T17:21:05 INFO brainkm.db.migrate Applying migration 004_session_snapshots
2026-07-19T17:21:05 INFO brainkm.db.migrate Applying migration 005_session_activity
2026-07-19T17:21:05 INFO brainkm.db.migrate Applying migration 006_semantic_embeddings
2026-07-19T17:21:05 INFO brainkm.db.migrate Applying migration 007_nodal_edges
2026-07-19T17:21:05 INFO brainkm.db.migrate Applying migration 001_initial
2026-07-19T17:21:05 INFO brainkm.db.migrate Applying migration 002_temporal_lite
2026-07-19T17:21:05 INFO brainkm.db.migrate Applying migration 003_temporal_forgotten
2026-07-19T17:21:05 INFO brainkm.db.migrate Applying migration 004_session_snapshots
2026-07-19T17:21:05 INFO brainkm.db.migrate Applying migration 005_session_activity
2026-07-19T17:21:05 INFO brainkm.db.migrate Applying migration 006_semantic_embeddings
2026-07-19T17:21:05 INFO brainkm.db.migrate Applying migration 007_nodal_edges
2026-07-19T17:21:05 INFO brainkm.db.migrate Applying migration 001_initial
2026-07-19T17:21:05 INFO brainkm.db.migrate Applying migration 002_temporal_lite
2026-07-19T17:21:05 INFO brainkm.db.migrate Applying migration 003_temporal_forgotten
2026-07-19T17:21:05 INFO brainkm.db.migrate Applying migration 004_session_snapshots
2026-07-19T17:21:05 INFO brainkm.db.migrate Applying migration 005_session_activity
2026-07-19T17:21:05 INFO brainkm.db.migrate Applying migration 006_semantic_embeddings
2026-07-19T17:21:05 INFO brainkm.db.migrate Applying migration 007_nodal_edges
2026-07-19T17:21:05 INFO brainkm.db.migrate Applying migration 001_initial
2026-07-19T17:21:05 INFO brainkm.db.migrate Applying migration 002_temporal_lite
2026-07-19T17:21:05 INFO brainkm.db.migrate Applying migration 003_temporal_forgotten
2026-07-19T17:21:05 INFO brainkm.db.migrate Applying migration 004_session_snapshots
2026-07-19T17:21:05 INFO brainkm.db.migrate Applying migration 005_session_activity
2026-07-19T17:21:05 INFO brainkm.db.migrate Applying migration 006_semantic_embeddings
2026-07-19T17:21:05 INFO brainkm.db.migrate Applying migration 007_nodal_edges
2026-07-19T17:21:06 INFO brainkm.db.migrate Applying migration 001_initial
2026-07-19T17:21:06 INFO brainkm.db.migrate Applying migration 002_temporal_lite
2026-07-19T17:21:06 INFO brainkm.db.migrate Applying migration 003_temporal_forgotten
2026-07-19T17:21:06 INFO brainkm.db.migrate Applying migration 004_session_snapshots
2026-07-19T17:21:06 INFO brainkm.db.migrate Applying migration 005_session_activity
2026-07-19T17:21:06 INFO brainkm.db.migrate Applying migration 006_semantic_embeddings
2026-07-19T17:21:06 INFO brainkm.db.migrate Applying migration 007_nodal_edges
2026-07-19T17:21:06 INFO brainkm.db.migrate Applying migration 001_initial
2026-07-19T17:21:06 INFO brainkm.db.migrate Applying migration 002_temporal_lite
2026-07-19T17:21:06 INFO brainkm.db.migrate Applying migration 003_temporal_forgotten
2026-07-19T17:21:06 INFO brainkm.db.migrate Applying migration 004_session_snapshots
2026-07-19T17:21:06 INFO brainkm.db.migrate Applying migration 005_session_activity
2026-07-19T17:21:06 INFO brainkm.db.migrate Applying migration 006_semantic_embeddings
2026-07-19T17:21:06 INFO brainkm.db.migrate Applying migration 007_nodal_edges
2026-07-19T17:21:06 INFO brainkm.db.migrate Applying migration 001_initial
2026-07-19T17:21:06 INFO brainkm.db.migrate Applying migration 002_temporal_lite
2026-07-19T17:21:06 INFO brainkm.db.migrate Applying migration 003_temporal_forgotten
2026-07-19T17:21:06 INFO brainkm.db.migrate Applying migration 004_session_snapshots
2026-07-19T17:21:06 INFO brainkm.db.migrate Applying migration 005_session_activity
2026-07-19T17:21:06 INFO brainkm.db.migrate Applying migration 006_semantic_embeddings
2026-07-19T17:21:06 INFO brainkm.db.migrate Applying migration 007_nodal_edges
2026-07-19T17:21:06 INFO brainkm.db.migrate Applying migration 001_initial
2026-07-19T17:21:06 INFO brainkm.db.migrate Applying migration 002_temporal_lite
2026-07-19T17:21:06 INFO brainkm.db.migrate Applying migration 003_temporal_forgotten
2026-07-19T17:21:06 INFO brainkm.db.migrate Applying migration 004_session_snapshots
2026-07-19T17:21:06 INFO brainkm.db.migrate Applying migration 005_session_activity
2026-07-19T17:21:06 INFO brainkm.db.migrate Applying migration 006_semantic_embeddings
2026-07-19T17:21:06 INFO brainkm.db.migrate Applying migration 007_nodal_edges
2026-07-19T17:21:07 INFO brainkm.db.migrate Applying migration 001_initial
2026-07-19T17:21:07 INFO brainkm.db.migrate Applying migration 002_temporal_lite
2026-07-19T17:21:07 INFO brainkm.db.migrate Applying migration 003_temporal_forgotten
2026-07-19T17:21:07 INFO brainkm.db.migrate Applying migration 004_session_snapshots
2026-07-19T17:21:07 INFO brainkm.db.migrate Applying migration 005_session_activity
2026-07-19T17:21:07 INFO brainkm.db.migrate Applying migration 006_semantic_embeddings
2026-07-19T17:21:07 INFO brainkm.db.migrate Applying migration 007_nodal_edges
2026-07-19T17:21:07 INFO brainkm.db.migrate Applying migration 001_initial
2026-07-19T17:21:07 INFO brainkm.db.migrate Applying migration 002_temporal_lite
2026-07-19T17:21:07 INFO brainkm.db.migrate Applying migration 003_temporal_forgotten
2026-07-19T17:21:07 INFO brainkm.db.migrate Applying migration 004_session_snapshots
2026-07-19T17:21:07 INFO brainkm.db.migrate Applying migration 005_session_activity
2026-07-19T17:21:07 INFO brainkm.db.migrate Applying migration 006_semantic_embeddings
2026-07-19T17:21:07 INFO brainkm.db.migrate Applying migration 007_nodal_edges
2026-07-19T17:21:07 INFO brainkm.db.migrate Applying migration 001_initial
2026-07-19T17:21:07 INFO brainkm.db.migrate Applying migration 002_temporal_lite
2026-07-19T17:21:07 INFO brainkm.db.migrate Applying migration 003_temporal_forgotten
2026-07-19T17:21:07 INFO brainkm.db.migrate Applying migration 004_session_snapshots
2026-07-19T17:21:07 INFO brainkm.db.migrate Applying migration 005_session_activity
2026-07-19T17:21:07 INFO brainkm.db.migrate Applying migration 006_semantic_embeddings
2026-07-19T17:21:07 INFO brainkm.db.migrate Applying migration 007_nodal_edges
2026-07-19T17:21:07 INFO brainkm.db.migrate Applying migration 001_initial
2026-07-19T17:21:07 INFO brainkm.db.migrate Applying migration 002_temporal_lite
2026-07-19T17:21:07 INFO brainkm.db.migrate Applying migration 003_temporal_forgotten
2026-07-19T17:21:07 INFO brainkm.db.migrate Applying migration 004_session_snapshots
2026-07-19T17:21:07 INFO brainkm.db.migrate Applying migration 005_session_activity
2026-07-19T17:21:07 INFO brainkm.db.migrate Applying migration 006_semantic_embeddings
2026-07-19T17:21:07 INFO brainkm.db.migrate Applying migration 007_nodal_edges
2026-07-19T17:21:08 INFO brainkm.db.migrate Applying migration 001_initial
2026-07-19T17:21:08 INFO brainkm.db.migrate Applying migration 002_temporal_lite
2026-07-19T17:21:08 INFO brainkm.db.migrate Applying migration 003_temporal_forgotten
2026-07-19T17:21:08 INFO brainkm.db.migrate Applying migration 004_session_snapshots
2026-07-19T17:21:08 INFO brainkm.db.migrate Applying migration 005_session_activity
2026-07-19T17:21:08 INFO brainkm.db.migrate Applying migration 006_semantic_embeddings
2026-07-19T17:21:08 INFO brainkm.db.migrate Applying migration 007_nodal_edges
2026-07-19T17:21:08 INFO brainkm.db.migrate Applying migration 001_initial
2026-07-19T17:21:08 INFO brainkm.db.migrate Applying migration 002_temporal_lite
2026-07-19T17:21:08 INFO brainkm.db.migrate Applying migration 003_temporal_forgotten
2026-07-19T17:21:08 INFO brainkm.db.migrate Applying migration 004_session_snapshots
2026-07-19T17:21:08 INFO brainkm.db.migrate Applying migration 005_session_activity
2026-07-19T17:21:08 INFO brainkm.db.migrate Applying migration 006_semantic_embeddings
2026-07-19T17:21:08 INFO brainkm.db.migrate Applying migration 007_nodal_edges
2026-07-19T17:21:08 INFO brainkm.db.migrate Applying migration 001_initial
2026-07-19T17:21:08 INFO brainkm.db.migrate Applying migration 002_temporal_lite
2026-07-19T17:21:08 INFO brainkm.db.migrate Applying migration 003_temporal_forgotten
2026-07-19T17:21:08 INFO brainkm.db.migrate Applying migration 004_session_snapshots
2026-07-19T17:21:08 INFO brainkm.db.migrate Applying migration 005_session_activity
2026-07-19T17:21:08 INFO brainkm.db.migrate Applying migration 006_semantic_embeddings
2026-07-19T17:21:08 INFO brainkm.db.migrate Applying migration 007_nodal_edges
2026-07-19T17:21:08 INFO brainkm.db.migrate Applying migration 001_initial
2026-07-19T17:21:09 INFO brainkm.db.migrate Applying migration 002_temporal_lite
2026-07-19T17:21:09 INFO brainkm.db.migrate Applying migration 003_temporal_forgotten
2026-07-19T17:21:09 INFO brainkm.db.migrate Applying migration 004_session_snapshots
2026-07-19T17:21:09 INFO brainkm.db.migrate Applying migration 005_session_activity
2026-07-19T17:21:09 INFO brainkm.db.migrate Applying migration 006_semantic_embeddings
2026-07-19T17:21:09 INFO brainkm.db.migrate Applying migration 007_nodal_edges
2026-07-19T17:21:09 INFO brainkm.db.migrate Applying migration 001_initial
2026-07-19T17:21:09 INFO brainkm.db.migrate Applying migration 002_temporal_lite
2026-07-19T17:21:09 INFO brainkm.db.migrate Applying migration 003_temporal_forgotten
2026-07-19T17:21:09 INFO brainkm.db.migrate Applying migration 004_session_snapshots
2026-07-19T17:21:09 INFO brainkm.db.migrate Applying migration 005_session_activity
2026-07-19T17:21:09 INFO brainkm.db.migrate Applying migration 006_semantic_embeddings
2026-07-19T17:21:09 INFO brainkm.db.migrate Applying migration 007_nodal_edges
2026-07-19T17:21:09 INFO brainkm.db.migrate Applying migration 001_initial
2026-07-19T17:21:09 INFO brainkm.db.migrate Applying migration 002_temporal_lite
2026-07-19T17:21:09 INFO brainkm.db.migrate Applying migration 003_temporal_forgotten
2026-07-19T17:21:09 INFO brainkm.db.migrate Applying migration 004_session_snapshots
2026-07-19T17:21:09 INFO brainkm.db.migrate Applying migration 005_session_activity
2026-07-19T17:21:09 INFO brainkm.db.migrate Applying migration 006_semantic_embeddings
2026-07-19T17:21:09 INFO brainkm.db.migrate Applying migration 007_nodal_edges
2026-07-19T17:21:09 INFO brainkm.db.migrate Applying migration 001_initial
2026-07-19T17:21:09 INFO brainkm.db.migrate Applying migration 002_temporal_lite
2026-07-19T17:21:09 INFO brainkm.db.migrate Applying migration 003_temporal_forgotten
2026-07-19T17:21:09 INFO brainkm.db.migrate Applying migration 004_session_snapshots
2026-07-19T17:21:09 INFO brainkm.db.migrate Applying migration 005_session_activity
2026-07-19T17:21:09 INFO brainkm.db.migrate Applying migration 006_semantic_embeddings
2026-07-19T17:21:09 INFO brainkm.db.migrate Applying migration 007_nodal_edges
2026-07-19T17:21:09 INFO brainkm.db.migrate Applying migration 001_initial
2026-07-19T17:21:09 INFO brainkm.db.migrate Applying migration 002_temporal_lite
2026-07-19T17:21:09 INFO brainkm.db.migrate Applying migration 003_temporal_forgotten
2026-07-19T17:21:09 INFO brainkm.db.migrate Applying migration 004_session_snapshots
2026-07-19T17:21:09 INFO brainkm.db.migrate Applying migration 005_session_activity
2026-07-19T17:21:09 INFO brainkm.db.migrate Applying migration 006_semantic_embeddings
2026-07-19T17:21:09 INFO brainkm.db.migrate Applying migration 007_nodal_edges
2026-07-19T17:21:10 INFO brainkm.db.migrate Applying migration 001_initial
2026-07-19T17:21:10 INFO brainkm.db.migrate Applying migration 002_temporal_lite
2026-07-19T17:21:10 INFO brainkm.db.migrate Applying migration 003_temporal_forgotten
2026-07-19T17:21:10 INFO brainkm.db.migrate Applying migration 004_session_snapshots
2026-07-19T17:21:10 INFO brainkm.db.migrate Applying migration 005_session_activity
2026-07-19T17:21:10 INFO brainkm.db.migrate Applying migration 006_semantic_embeddings
2026-07-19T17:21:10 INFO brainkm.db.migrate Applying migration 007_nodal_edges
2026-07-19T17:21:10 INFO brainkm.db.migrate Applying migration 001_initial
2026-07-19T17:21:10 INFO brainkm.db.migrate Applying migration 002_temporal_lite
2026-07-19T17:21:10 INFO brainkm.db.migrate Applying migration 003_temporal_forgotten
2026-07-19T17:21:10 INFO brainkm.db.migrate Applying migration 004_session_snapshots
2026-07-19T17:21:10 INFO brainkm.db.migrate Applying migration 005_session_activity
2026-07-19T17:21:10 INFO brainkm.db.migrate Applying migration 006_semantic_embeddings
2026-07-19T17:21:10 INFO brainkm.db.migrate Applying migration 007_nodal_edges
2026-07-19T17:21:10 INFO brainkm.db.migrate Applying migration 001_initial
2026-07-19T17:21:10 INFO brainkm.db.migrate Applying migration 002_temporal_lite
2026-07-19T17:21:10 INFO brainkm.db.migrate Applying migration 003_temporal_forgotten
2026-07-19T17:21:10 INFO brainkm.db.migrate Applying migration 004_session_snapshots
2026-07-19T17:21:10 INFO brainkm.db.migrate Applying migration 005_session_activity
2026-07-19T17:21:10 INFO brainkm.db.migrate Applying migration 006_semantic_embeddings
2026-07-19T17:21:10 INFO brainkm.db.migrate Applying migration 007_nodal_edges
2026-07-19T17:21:10 INFO brainkm.db.migrate Applying migration 001_initial
2026-07-19T17:21:10 INFO brainkm.db.migrate Applying migration 002_temporal_lite
2026-07-19T17:21:10 INFO brainkm.db.migrate Applying migration 003_temporal_forgotten
2026-07-19T17:21:11 INFO brainkm.db.migrate Applying migration 004_session_snapshots
2026-07-19T17:21:11 INFO brainkm.db.migrate Applying migration 005_session_activity
2026-07-19T17:21:11 INFO brainkm.db.migrate Applying migration 006_semantic_embeddings
2026-07-19T17:21:11 INFO brainkm.db.migrate Applying migration 007_nodal_edges
2026-07-19T17:21:11 INFO brainkm.db.migrate Applying migration 001_initial
2026-07-19T17:21:11 INFO brainkm.db.migrate Applying migration 002_temporal_lite
2026-07-19T17:21:11 INFO brainkm.db.migrate Applying migration 003_temporal_forgotten
2026-07-19T17:21:11 INFO brainkm.db.migrate Applying migration 004_session_snapshots
2026-07-19T17:21:11 INFO brainkm.db.migrate Applying migration 005_session_activity
2026-07-19T17:21:11 INFO brainkm.db.migrate Applying migration 006_semantic_embeddings
2026-07-19T17:21:11 INFO brainkm.db.migrate Applying migration 007_nodal_edges
2026-07-19T17:21:11 INFO brainkm.db.migrate Applying migration 001_initial
2026-07-19T17:21:11 INFO brainkm.db.migrate Applying migration 002_temporal_lite
2026-07-19T17:21:11 INFO brainkm.db.migrate Applying migration 003_temporal_forgotten
2026-07-19T17:21:11 INFO brainkm.db.migrate Applying migration 004_session_snapshots
2026-07-19T17:21:11 INFO brainkm.db.migrate Applying migration 005_session_activity
2026-07-19T17:21:11 INFO brainkm.db.migrate Applying migration 006_semantic_embeddings
2026-07-19T17:21:11 INFO brainkm.db.migrate Applying migration 007_nodal_edges
2026-07-19T17:21:11 INFO brainkm.db.migrate Applying migration 001_initial
2026-07-19T17:21:11 INFO brainkm.db.migrate Applying migration 002_temporal_lite
2026-07-19T17:21:11 INFO brainkm.db.migrate Applying migration 003_temporal_forgotten
2026-07-19T17:21:11 INFO brainkm.db.migrate Applying migration 004_session_snapshots
2026-07-19T17:21:11 INFO brainkm.db.migrate Applying migration 005_session_activity
2026-07-19T17:21:11 INFO brainkm.db.migrate Applying migration 006_semantic_embeddings
2026-07-19T17:21:11 INFO brainkm.db.migrate Applying migration 007_nodal_edges
2026-07-19T17:21:12 INFO brainkm.db.migrate Applying migration 001_initial
2026-07-19T17:21:12 INFO brainkm.db.migrate Applying migration 002_temporal_lite
2026-07-19T17:21:12 INFO brainkm.db.migrate Applying migration 003_temporal_forgotten
2026-07-19T17:21:12 INFO brainkm.db.migrate Applying migration 004_session_snapshots
2026-07-19T17:21:12 INFO brainkm.db.migrate Applying migration 005_session_activity
2026-07-19T17:21:12 INFO brainkm.db.migrate Applying migration 006_semantic_embeddings
2026-07-19T17:21:12 INFO brainkm.db.migrate Applying migration 007_nodal_edges
2026-07-19T17:21:12 INFO brainkm.db.migrate Applying migration 001_initial
2026-07-19T17:21:12 INFO brainkm.db.migrate Applying migration 002_temporal_lite
2026-07-19T17:21:12 INFO brainkm.db.migrate Applying migration 003_temporal_forgotten
2026-07-19T17:21:12 INFO brainkm.db.migrate Applying migration 004_session_snapshots
2026-07-19T17:21:12 INFO brainkm.db.migrate Applying migration 005_session_activity
2026-07-19T17:21:12 INFO brainkm.db.migrate Applying migration 006_semantic_embeddings
2026-07-19T17:21:12 INFO brainkm.db.migrate Applying migration 007_nodal_edges
2026-07-19T17:21:12 INFO brainkm.db.migrate Applying migration 001_initial
2026-07-19T17:21:12 INFO brainkm.db.migrate Applying migration 002_temporal_lite
2026-07-19T17:21:12 INFO brainkm.db.migrate Applying migration 003_temporal_forgotten
2026-07-19T17:21:12 INFO brainkm.db.migrate Applying migration 004_session_snapshots
2026-07-19T17:21:12 INFO brainkm.db.migrate Applying migration 005_session_activity
2026-07-19T17:21:12 INFO brainkm.db.migrate Applying migration 006_semantic_embeddings
2026-07-19T17:21:12 INFO brainkm.db.migrate Applying migration 007_nodal_edges
2026-07-19T17:21:12 INFO brainkm.db.migrate Applying migration 001_initial
2026-07-19T17:21:12 INFO brainkm.db.migrate Applying migration 002_temporal_lite
2026-07-19T17:21:12 INFO brainkm.db.migrate Applying migration 003_temporal_forgotten
2026-07-19T17:21:12 INFO brainkm.db.migrate Applying migration 004_session_snapshots
2026-07-19T17:21:12 INFO brainkm.db.migrate Applying migration 005_session_activity
2026-07-19T17:21:12 INFO brainkm.db.migrate Applying migration 006_semantic_embeddings
2026-07-19T17:21:12 INFO brainkm.db.migrate Applying migration 007_nodal_edges
2026-07-19T17:21:12 INFO brainkm.db.migrate Applying migration 001_initial
2026-07-19T17:21:13 INFO brainkm.db.migrate Applying migration 002_temporal_lite
2026-07-19T17:21:13 INFO brainkm.db.migrate Applying migration 003_temporal_forgotten
2026-07-19T17:21:13 INFO brainkm.db.migrate Applying migration 004_session_snapshots
2026-07-19T17:21:13 INFO brainkm.db.migrate Applying migration 005_session_activity
2026-07-19T17:21:13 INFO brainkm.db.migrate Applying migration 006_semantic_embeddings
2026-07-19T17:21:13 INFO brainkm.db.migrate Applying migration 007_nodal_edges
2026-07-19T17:21:13 INFO brainkm.db.migrate Applying migration 001_initial
2026-07-19T17:21:13 INFO brainkm.db.migrate Applying migration 002_temporal_lite
2026-07-19T17:21:13 INFO brainkm.db.migrate Applying migration 003_temporal_forgotten
2026-07-19T17:21:13 INFO brainkm.db.migrate Applying migration 004_session_snapshots
2026-07-19T17:21:13 INFO brainkm.db.migrate Applying migration 005_session_activity
2026-07-19T17:21:13 INFO brainkm.db.migrate Applying migration 006_semantic_embeddings
2026-07-19T17:21:13 INFO brainkm.db.migrate Applying migration 007_nodal_edges
2026-07-19T17:21:13 INFO brainkm.db.migrate Applying migration 001_initial
2026-07-19T17:21:13 INFO brainkm.db.migrate Applying migration 002_temporal_lite
2026-07-19T17:21:13 INFO brainkm.db.migrate Applying migration 003_temporal_forgotten
2026-07-19T17:21:13 INFO brainkm.db.migrate Applying migration 004_session_snapshots
2026-07-19T17:21:13 INFO brainkm.db.migrate Applying migration 005_session_activity
2026-07-19T17:21:13 INFO brainkm.db.migrate Applying migration 006_semantic_embeddings
2026-07-19T17:21:13 INFO brainkm.db.migrate Applying migration 007_nodal_edges
2026-07-19T17:21:13 INFO brainkm.db.migrate Applying migration 001_initial
2026-07-19T17:21:13 INFO brainkm.db.migrate Applying migration 002_temporal_lite
2026-07-19T17:21:13 INFO brainkm.db.migrate Applying migration 003_temporal_forgotten
2026-07-19T17:21:13 INFO brainkm.db.migrate Applying migration 004_session_snapshots
2026-07-19T17:21:13 INFO brainkm.db.migrate Applying migration 005_session_activity
2026-07-19T17:21:13 INFO brainkm.db.migrate Applying migration 006_semantic_embeddings
2026-07-19T17:21:13 INFO brainkm.db.migrate Applying migration 007_nodal_edges
2026-07-19T17:21:13 INFO brainkm.db.migrate Applying migration 001_initial
2026-07-19T17:21:13 INFO brainkm.db.migrate Applying migration 002_temporal_lite
2026-07-19T17:21:13 INFO brainkm.db.migrate Applying migration 003_temporal_forgotten
2026-07-19T17:21:13 INFO brainkm.db.migrate Applying migration 004_session_snapshots
2026-07-19T17:21:13 INFO brainkm.db.migrate Applying migration 005_session_activity
2026-07-19T17:21:13 INFO brainkm.db.migrate Applying migration 006_semantic_embeddings
2026-07-19T17:21:13 INFO brainkm.db.migrate Applying migration 007_nodal_edges
2026-07-19T17:21:14 INFO brainkm.db.migrate Applying migration 001_initial
2026-07-19T17:21:14 INFO brainkm.db.migrate Applying migration 002_temporal_lite
2026-07-19T17:21:14 INFO brainkm.db.migrate Applying migration 003_temporal_forgotten
2026-07-19T17:21:14 INFO brainkm.db.migrate Applying migration 004_session_snapshots
2026-07-19T17:21:14 INFO brainkm.db.migrate Applying migration 005_session_activity
2026-07-19T17:21:14 INFO brainkm.db.migrate Applying migration 006_semantic_embeddings
2026-07-19T17:21:14 INFO brainkm.db.migrate Applying migration 007_nodal_edges
2026-07-19T17:21:14 INFO brainkm.db.migrate Applying migration 001_initial
2026-07-19T17:21:14 INFO brainkm.db.migrate Applying migration 002_temporal_lite
2026-07-19T17:21:14 INFO brainkm.db.migrate Applying migration 003_temporal_forgotten
2026-07-19T17:21:14 INFO brainkm.db.migrate Applying migration 004_session_snapshots
2026-07-19T17:21:14 INFO brainkm.db.migrate Applying migration 005_session_activity
2026-07-19T17:21:14 INFO brainkm.db.migrate Applying migration 006_semantic_embeddings
2026-07-19T17:21:14 INFO brainkm.db.migrate Applying migration 007_nodal_edges
2026-07-19T17:21:14 INFO brainkm.db.migrate Applying migration 001_initial
2026-07-19T17:21:14 INFO brainkm.db.migrate Applying migration 002_temporal_lite
2026-07-19T17:21:14 INFO brainkm.db.migrate Applying migration 003_temporal_forgotten
2026-07-19T17:21:14 INFO brainkm.db.migrate Applying migration 004_session_snapshots
2026-07-19T17:21:14 INFO brainkm.db.migrate Applying migration 005_session_activity
2026-07-19T17:21:14 INFO brainkm.db.migrate Applying migration 006_semantic_embeddings
2026-07-19T17:21:14 INFO brainkm.db.migrate Applying migration 007_nodal_edges
2026-07-19T17:21:15 INFO brainkm.db.migrate Applying migration 001_initial
2026-07-19T17:21:15 INFO brainkm.db.migrate Applying migration 002_temporal_lite
2026-07-19T17:21:15 INFO brainkm.db.migrate Applying migration 003_temporal_forgotten
2026-07-19T17:21:15 INFO brainkm.db.migrate Applying migration 004_session_snapshots
2026-07-19T17:21:15 INFO brainkm.db.migrate Applying migration 005_session_activity
2026-07-19T17:21:15 INFO brainkm.db.migrate Applying migration 006_semantic_embeddings
2026-07-19T17:21:15 INFO brainkm.db.migrate Applying migration 007_nodal_edges
2026-07-19T17:21:15 INFO brainkm.db.migrate Applying migration 001_initial
2026-07-19T17:21:15 INFO brainkm.db.migrate Applying migration 002_temporal_lite
2026-07-19T17:21:15 INFO brainkm.db.migrate Applying migration 003_temporal_forgotten
2026-07-19T17:21:15 INFO brainkm.db.migrate Applying migration 004_session_snapshots
2026-07-19T17:21:15 INFO brainkm.db.migrate Applying migration 005_session_activity
2026-07-19T17:21:15 INFO brainkm.db.migrate Applying migration 006_semantic_embeddings
2026-07-19T17:21:15 INFO brainkm.db.migrate Applying migration 007_nodal_edges
2026-07-19T17:21:15 INFO brainkm.db.migrate Applying migration 001_initial
2026-07-19T17:21:15 INFO brainkm.db.migrate Applying migration 002_temporal_lite
2026-07-19T17:21:15 INFO brainkm.db.migrate Applying migration 003_temporal_forgotten
2026-07-19T17:21:15 INFO brainkm.db.migrate Applying migration 004_session_snapshots
2026-07-19T17:21:15 INFO brainkm.db.migrate Applying migration 005_session_activity
2026-07-19T17:21:15 INFO brainkm.db.migrate Applying migration 006_semantic_embeddings
2026-07-19T17:21:15 INFO brainkm.db.migrate Applying migration 007_nodal_edges
2026-07-19T17:21:15 INFO brainkm.db.migrate Applying migration 001_initial
2026-07-19T17:21:15 INFO brainkm.db.migrate Applying migration 002_temporal_lite
2026-07-19T17:21:15 INFO brainkm.db.migrate Applying migration 003_temporal_forgotten
2026-07-19T17:21:15 INFO brainkm.db.migrate Applying migration 004_session_snapshots
2026-07-19T17:21:15 INFO brainkm.db.migrate Applying migration 005_session_activity
2026-07-19T17:21:15 INFO brainkm.db.migrate Applying migration 006_semantic_embeddings
2026-07-19T17:21:15 INFO brainkm.db.migrate Applying migration 007_nodal_edges
2026-07-19T17:21:16 INFO brainkm.db.migrate Applying migration 001_initial
2026-07-19T17:21:16 INFO brainkm.db.migrate Applying migration 002_temporal_lite
2026-07-19T17:21:16 INFO brainkm.db.migrate Applying migration 003_temporal_forgotten
2026-07-19T17:21:16 INFO brainkm.db.migrate Applying migration 004_session_snapshots
2026-07-19T17:21:16 INFO brainkm.db.migrate Applying migration 005_session_activity
2026-07-19T17:21:16 INFO brainkm.db.migrate Applying migration 006_semantic_embeddings
2026-07-19T17:21:16 INFO brainkm.db.migrate Applying migration 007_nodal_edges
2026-07-19T17:21:16 INFO brainkm.db.migrate Applying migration 001_initial
2026-07-19T17:21:16 INFO brainkm.db.migrate Applying migration 002_temporal_lite
2026-07-19T17:21:16 INFO brainkm.db.migrate Applying migration 003_temporal_forgotten
2026-07-19T17:21:16 INFO brainkm.db.migrate Applying migration 004_session_snapshots
2026-07-19T17:21:16 INFO brainkm.db.migrate Applying migration 005_session_activity
2026-07-19T17:21:16 INFO brainkm.db.migrate Applying migration 006_semantic_embeddings
2026-07-19T17:21:16 INFO brainkm.db.migrate Applying migration 007_nodal_edges
2026-07-19T17:21:16 INFO brainkm.db.migrate Applying migration 001_initial
2026-07-19T17:21:16 INFO brainkm.db.migrate Applying migration 002_temporal_lite
2026-07-19T17:21:16 INFO brainkm.db.migrate Applying migration 003_temporal_forgotten
2026-07-19T17:21:16 INFO brainkm.db.migrate Applying migration 004_session_snapshots
2026-07-19T17:21:16 INFO brainkm.db.migrate Applying migration 005_session_activity
2026-07-19T17:21:16 INFO brainkm.db.migrate Applying migration 006_semantic_embeddings
2026-07-19T17:21:16 INFO brainkm.db.migrate Applying migration 007_nodal_edges
2026-07-19T17:21:16 INFO brainkm.db.migrate Applying migration 001_initial
2026-07-19T17:21:16 INFO brainkm.db.migrate Applying migration 002_temporal_lite
2026-07-19T17:21:16 INFO brainkm.db.migrate Applying migration 003_temporal_forgotten
2026-07-19T17:21:16 INFO brainkm.db.migrate Applying migration 004_session_snapshots
2026-07-19T17:21:16 INFO brainkm.db.migrate Applying migration 005_session_activity
2026-07-19T17:21:16 INFO brainkm.db.migrate Applying migration 006_semantic_embeddings
2026-07-19T17:21:16 INFO brainkm.db.migrate Applying migration 007_nodal_edges
2026-07-19T17:21:17 INFO brainkm.db.migrate Applying migration 001_initial
2026-07-19T17:21:17 INFO brainkm.db.migrate Applying migration 002_temporal_lite
2026-07-19T17:21:17 INFO brainkm.db.migrate Applying migration 003_temporal_forgotten
2026-07-19T17:21:17 INFO brainkm.db.migrate Applying migration 004_session_snapshots
2026-07-19T17:21:17 INFO brainkm.db.migrate Applying migration 005_session_activity
2026-07-19T17:21:17 INFO brainkm.db.migrate Applying migration 006_semantic_embeddings
2026-07-19T17:21:17 INFO brainkm.db.migrate Applying migration 007_nodal_edges
2026-07-19T17:21:17 INFO brainkm.db.migrate Applying migration 001_initial
2026-07-19T17:21:17 INFO brainkm.db.migrate Applying migration 002_temporal_lite
2026-07-19T17:21:17 INFO brainkm.db.migrate Applying migration 003_temporal_forgotten
2026-07-19T17:21:17 INFO brainkm.db.migrate Applying migration 004_session_snapshots
2026-07-19T17:21:17 INFO brainkm.db.migrate Applying migration 005_session_activity
2026-07-19T17:21:17 INFO brainkm.db.migrate Applying migration 006_semantic_embeddings
2026-07-19T17:21:17 INFO brainkm.db.migrate Applying migration 007_nodal_edges
2026-07-19T17:21:17 INFO brainkm.db.migrate Applying migration 001_initial
2026-07-19T17:21:17 INFO brainkm.db.migrate Applying migration 002_temporal_lite
2026-07-19T17:21:17 INFO brainkm.db.migrate Applying migration 003_temporal_forgotten
2026-07-19T17:21:17 INFO brainkm.db.migrate Applying migration 004_session_snapshots
2026-07-19T17:21:17 INFO brainkm.db.migrate Applying migration 005_session_activity
2026-07-19T17:21:17 INFO brainkm.db.migrate Applying migration 006_semantic_embeddings
2026-07-19T17:21:17 INFO brainkm.db.migrate Applying migration 007_nodal_edges
2026-07-19T17:21:17 INFO brainkm.db.migrate Applying migration 001_initial
2026-07-19T17:21:17 INFO brainkm.db.migrate Applying migration 002_temporal_lite
2026-07-19T17:21:17 INFO brainkm.db.migrate Applying migration 003_temporal_forgotten
2026-07-19T17:21:17 INFO brainkm.db.migrate Applying migration 004_session_snapshots
2026-07-19T17:21:17 INFO brainkm.db.migrate Applying migration 005_session_activity
2026-07-19T17:21:17 INFO brainkm.db.migrate Applying migration 006_semantic_embeddings
2026-07-19T17:21:17 INFO brainkm.db.migrate Applying migration 007_nodal_edges
2026-07-19T17:21:17 INFO brainkm.db.migrate Applying migration 001_initial
2026-07-19T17:21:18 INFO brainkm.db.migrate Applying migration 002_temporal_lite
2026-07-19T17:21:18 INFO brainkm.db.migrate Applying migration 003_temporal_forgotten
2026-07-19T17:21:18 INFO brainkm.db.migrate Applying migration 004_session_snapshots
2026-07-19T17:21:18 INFO brainkm.db.migrate Applying migration 005_session_activity
2026-07-19T17:21:18 INFO brainkm.db.migrate Applying migration 006_semantic_embeddings
2026-07-19T17:21:18 INFO brainkm.db.migrate Applying migration 007_nodal_edges
2026-07-19T17:21:18 INFO brainkm.db.migrate Applying migration 001_initial
2026-07-19T17:21:18 INFO brainkm.db.migrate Applying migration 002_temporal_lite
2026-07-19T17:21:18 INFO brainkm.db.migrate Applying migration 003_temporal_forgotten
2026-07-19T17:21:18 INFO brainkm.db.migrate Applying migration 004_session_snapshots
2026-07-19T17:21:18 INFO brainkm.db.migrate Applying migration 005_session_activity
2026-07-19T17:21:18 INFO brainkm.db.migrate Applying migration 006_semantic_embeddings
2026-07-19T17:21:18 INFO brainkm.db.migrate Applying migration 007_nodal_edges
2026-07-19T17:21:18 INFO brainkm.db.migrate Applying migration 001_initial
2026-07-19T17:21:18 INFO brainkm.db.migrate Applying migration 002_temporal_lite
2026-07-19T17:21:18 INFO brainkm.db.migrate Applying migration 003_temporal_forgotten
2026-07-19T17:21:18 INFO brainkm.db.migrate Applying migration 004_session_snapshots
2026-07-19T17:21:18 INFO brainkm.db.migrate Applying migration 005_session_activity
2026-07-19T17:21:18 INFO brainkm.db.migrate Applying migration 006_semantic_embeddings
2026-07-19T17:21:18 INFO brainkm.db.migrate Applying migration 007_nodal_edges
2026-07-19T17:21:18 INFO brainkm.db.migrate Applying migration 001_initial
2026-07-19T17:21:18 INFO brainkm.db.migrate Applying migration 002_temporal_lite
2026-07-19T17:21:18 INFO brainkm.db.migrate Applying migration 003_temporal_forgotten
2026-07-19T17:21:18 INFO brainkm.db.migrate Applying migration 004_session_snapshots
2026-07-19T17:21:18 INFO brainkm.db.migrate Applying migration 005_session_activity
2026-07-19T17:21:18 INFO brainkm.db.migrate Applying migration 006_semantic_embeddings
2026-07-19T17:21:18 INFO brainkm.db.migrate Applying migration 007_nodal_edges
2026-07-19T17:21:19 INFO brainkm.db.migrate Applying migration 001_initial
2026-07-19T17:21:19 INFO brainkm.db.migrate Applying migration 002_temporal_lite
2026-07-19T17:21:19 INFO brainkm.db.migrate Applying migration 003_temporal_forgotten
2026-07-19T17:21:19 INFO brainkm.db.migrate Applying migration 004_session_snapshots
2026-07-19T17:21:19 INFO brainkm.db.migrate Applying migration 005_session_activity
2026-07-19T17:21:19 INFO brainkm.db.migrate Applying migration 006_semantic_embeddings
2026-07-19T17:21:19 INFO brainkm.db.migrate Applying migration 007_nodal_edges
2026-07-19T17:21:19 INFO brainkm.db.migrate Applying migration 001_initial
2026-07-19T17:21:19 INFO brainkm.db.migrate Applying migration 002_temporal_lite
2026-07-19T17:21:19 INFO brainkm.db.migrate Applying migration 003_temporal_forgotten
2026-07-19T17:21:19 INFO brainkm.db.migrate Applying migration 004_session_snapshots
2026-07-19T17:21:19 INFO brainkm.db.migrate Applying migration 005_session_activity
2026-07-19T17:21:19 INFO brainkm.db.migrate Applying migration 006_semantic_embeddings
2026-07-19T17:21:19 INFO brainkm.db.migrate Applying migration 007_nodal_edges
2026-07-19T17:21:19 INFO brainkm.db.migrate Applying migration 001_initial
2026-07-19T17:21:19 INFO brainkm.db.migrate Applying migration 002_temporal_lite
2026-07-19T17:21:19 INFO brainkm.db.migrate Applying migration 003_temporal_forgotten
2026-07-19T17:21:19 INFO brainkm.db.migrate Applying migration 004_session_snapshots
2026-07-19T17:21:19 INFO brainkm.db.migrate Applying migration 005_session_activity
2026-07-19T17:21:19 INFO brainkm.db.migrate Applying migration 006_semantic_embeddings
2026-07-19T17:21:19 INFO brainkm.db.migrate Applying migration 007_nodal_edges
2026-07-19T17:21:19 INFO brainkm.db.migrate Applying migration 001_initial
2026-07-19T17:21:19 INFO brainkm.db.migrate Applying migration 002_temporal_lite
2026-07-19T17:21:19 INFO brainkm.db.migrate Applying migration 003_temporal_forgotten
2026-07-19T17:21:19 INFO brainkm.db.migrate Applying migration 004_session_snapshots
2026-07-19T17:21:19 INFO brainkm.db.migrate Applying migration 005_session_activity
2026-07-19T17:21:19 INFO brainkm.db.migrate Applying migration 006_semantic_embeddings
2026-07-19T17:21:19 INFO brainkm.db.migrate Applying migration 007_nodal_edges
2026-07-19T17:21:19 INFO brainkm.db.migrate Applying migration 001_initial
2026-07-19T17:21:19 INFO brainkm.db.migrate Applying migration 002_temporal_lite
2026-07-19T17:21:19 INFO brainkm.db.migrate Applying migration 003_temporal_forgotten
2026-07-19T17:21:19 INFO brainkm.db.migrate Applying migration 004_session_snapshots
2026-07-19T17:21:19 INFO brainkm.db.migrate Applying migration 005_session_activity
2026-07-19T17:21:19 INFO brainkm.db.migrate Applying migration 006_semantic_embeddings
2026-07-19T17:21:19 INFO brainkm.db.migrate Applying migration 007_nodal_edges
2026-07-19T17:21:20 INFO brainkm.db.migrate Applying migration 001_initial
2026-07-19T17:21:20 INFO brainkm.db.migrate Applying migration 002_temporal_lite
2026-07-19T17:21:20 INFO brainkm.db.migrate Applying migration 003_temporal_forgotten
2026-07-19T17:21:20 INFO brainkm.db.migrate Applying migration 004_session_snapshots
2026-07-19T17:21:20 INFO brainkm.db.migrate Applying migration 005_session_activity
2026-07-19T17:21:20 INFO brainkm.db.migrate Applying migration 006_semantic_embeddings
2026-07-19T17:21:20 INFO brainkm.db.migrate Applying migration 007_nodal_edges
2026-07-19T17:21:20 INFO brainkm.db.migrate Applying migration 001_initial
2026-07-19T17:21:20 INFO brainkm.db.migrate Applying migration 002_temporal_lite
2026-07-19T17:21:20 INFO brainkm.db.migrate Applying migration 003_temporal_forgotten
2026-07-19T17:21:20 INFO brainkm.db.migrate Applying migration 004_session_snapshots
2026-07-19T17:21:20 INFO brainkm.db.migrate Applying migration 005_session_activity
2026-07-19T17:21:20 INFO brainkm.db.migrate Applying migration 006_semantic_embeddings
2026-07-19T17:21:20 INFO brainkm.db.migrate Applying migration 007_nodal_edges
2026-07-19T17:21:20 INFO brainkm.db.migrate Applying migration 001_initial
2026-07-19T17:21:20 INFO brainkm.db.migrate Applying migration 002_temporal_lite
2026-07-19T17:21:20 INFO brainkm.db.migrate Applying migration 003_temporal_forgotten
2026-07-19T17:21:20 INFO brainkm.db.migrate Applying migration 004_session_snapshots
2026-07-19T17:21:20 INFO brainkm.db.migrate Applying migration 005_session_activity
2026-07-19T17:21:20 INFO brainkm.db.migrate Applying migration 006_semantic_embeddings
2026-07-19T17:21:20 INFO brainkm.db.migrate Applying migration 007_nodal_edges
2026-07-19T17:21:20 INFO brainkm.db.migrate Applying migration 001_initial
2026-07-19T17:21:20 INFO brainkm.db.migrate Applying migration 002_temporal_lite
2026-07-19T17:21:20 INFO brainkm.db.migrate Applying migration 003_temporal_forgotten
2026-07-19T17:21:20 INFO brainkm.db.migrate Applying migration 004_session_snapshots
2026-07-19T17:21:20 INFO brainkm.db.migrate Applying migration 005_session_activity
2026-07-19T17:21:21 INFO brainkm.db.migrate Applying migration 006_semantic_embeddings
2026-07-19T17:21:21 INFO brainkm.db.migrate Applying migration 007_nodal_edges
2026-07-19T17:21:21 INFO brainkm.db.migrate Applying migration 001_initial
2026-07-19T17:21:21 INFO brainkm.db.migrate Applying migration 002_temporal_lite
2026-07-19T17:21:21 INFO brainkm.db.migrate Applying migration 003_temporal_forgotten
2026-07-19T17:21:21 INFO brainkm.db.migrate Applying migration 004_session_snapshots
2026-07-19T17:21:21 INFO brainkm.db.migrate Applying migration 005_session_activity
2026-07-19T17:21:21 INFO brainkm.db.migrate Applying migration 006_semantic_embeddings
2026-07-19T17:21:21 INFO brainkm.db.migrate Applying migration 007_nodal_edges
2026-07-19T17:21:21 INFO brainkm.db.migrate Applying migration 001_initial
2026-07-19T17:21:21 INFO brainkm.db.migrate Applying migration 002_temporal_lite
2026-07-19T17:21:21 INFO brainkm.db.migrate Applying migration 003_temporal_forgotten
2026-07-19T17:21:21 INFO brainkm.db.migrate Applying migration 004_session_snapshots
2026-07-19T17:21:21 INFO brainkm.db.migrate Applying migration 005_session_activity
2026-07-19T17:21:21 INFO brainkm.db.migrate Applying migration 006_semantic_embeddings
2026-07-19T17:21:21 INFO brainkm.db.migrate Applying migration 007_nodal_edges
2026-07-19T17:21:21 INFO brainkm.db.migrate Applying migration 001_initial
2026-07-19T17:21:21 INFO brainkm.db.migrate Applying migration 002_temporal_lite
2026-07-19T17:21:21 INFO brainkm.db.migrate Applying migration 003_temporal_forgotten
2026-07-19T17:21:21 INFO brainkm.db.migrate Applying migration 004_session_snapshots
2026-07-19T17:21:21 INFO brainkm.db.migrate Applying migration 005_session_activity
2026-07-19T17:21:21 INFO brainkm.db.migrate Applying migration 006_semantic_embeddings
2026-07-19T17:21:21 INFO brainkm.db.migrate Applying migration 007_nodal_edges
2026-07-19T17:21:21 INFO brainkm.db.migrate Applying migration 001_initial
2026-07-19T17:21:21 INFO brainkm.db.migrate Applying migration 002_temporal_lite
2026-07-19T17:21:21 INFO brainkm.db.migrate Applying migration 003_temporal_forgotten
2026-07-19T17:21:21 INFO brainkm.db.migrate Applying migration 004_session_snapshots
2026-07-19T17:21:21 INFO brainkm.db.migrate Applying migration 005_session_activity
2026-07-19T17:21:21 INFO brainkm.db.migrate Applying migration 006_semantic_embeddings
2026-07-19T17:21:21 INFO brainkm.db.migrate Applying migration 007_nodal_edges
2026-07-19T17:21:22 INFO brainkm.db.migrate Applying migration 001_initial
2026-07-19T17:21:22 INFO brainkm.db.migrate Applying migration 002_temporal_lite
2026-07-19T17:21:22 INFO brainkm.db.migrate Applying migration 003_temporal_forgotten
2026-07-19T17:21:22 INFO brainkm.db.migrate Applying migration 004_session_snapshots
2026-07-19T17:21:22 INFO brainkm.db.migrate Applying migration 005_session_activity
2026-07-19T17:21:22 INFO brainkm.db.migrate Applying migration 006_semantic_embeddings
2026-07-19T17:21:22 INFO brainkm.db.migrate Applying migration 007_nodal_edges
2026-07-19T17:21:22 INFO brainkm.db.migrate Applying migration 001_initial
2026-07-19T17:21:22 INFO brainkm.db.migrate Applying migration 002_temporal_lite
2026-07-19T17:21:22 INFO brainkm.db.migrate Applying migration 003_temporal_forgotten
2026-07-19T17:21:22 INFO brainkm.db.migrate Applying migration 004_session_snapshots
2026-07-19T17:21:22 INFO brainkm.db.migrate Applying migration 005_session_activity
2026-07-19T17:21:22 INFO brainkm.db.migrate Applying migration 006_semantic_embeddings
2026-07-19T17:21:22 INFO brainkm.db.migrate Applying migration 007_nodal_edges
2026-07-19T17:21:22 INFO brainkm.db.migrate Applying migration 001_initial
2026-07-19T17:21:22 INFO brainkm.db.migrate Applying migration 002_temporal_lite
2026-07-19T17:21:22 INFO brainkm.db.migrate Applying migration 003_temporal_forgotten
2026-07-19T17:21:22 INFO brainkm.db.migrate Applying migration 004_session_snapshots
2026-07-19T17:21:22 INFO brainkm.db.migrate Applying migration 005_session_activity
2026-07-19T17:21:22 INFO brainkm.db.migrate Applying migration 006_semantic_embeddings
2026-07-19T17:21:22 INFO brainkm.db.migrate Applying migration 007_nodal_edges
2026-07-19T17:21:22 INFO brainkm.db.migrate Applying migration 001_initial
2026-07-19T17:21:22 INFO brainkm.db.migrate Applying migration 002_temporal_lite
2026-07-19T17:21:22 INFO brainkm.db.migrate Applying migration 003_temporal_forgotten
2026-07-19T17:21:22 INFO brainkm.db.migrate Applying migration 004_session_snapshots
2026-07-19T17:21:22 INFO brainkm.db.migrate Applying migration 005_session_activity
2026-07-19T17:21:22 INFO brainkm.db.migrate Applying migration 006_semantic_embeddings
2026-07-19T17:21:22 INFO brainkm.db.migrate Applying migration 007_nodal_edges
2026-07-19T17:21:23 INFO brainkm.db.migrate Applying migration 001_initial
2026-07-19T17:21:23 INFO brainkm.db.migrate Applying migration 002_temporal_lite
2026-07-19T17:21:23 INFO brainkm.db.migrate Applying migration 003_temporal_forgotten
2026-07-19T17:21:23 INFO brainkm.db.migrate Applying migration 004_session_snapshots
2026-07-19T17:21:23 INFO brainkm.db.migrate Applying migration 005_session_activity
2026-07-19T17:21:23 INFO brainkm.db.migrate Applying migration 006_semantic_embeddings
2026-07-19T17:21:23 INFO brainkm.db.migrate Applying migration 007_nodal_edges
2026-07-19T17:21:23 INFO brainkm.db.migrate Applying migration 001_initial
2026-07-19T17:21:23 INFO brainkm.db.migrate Applying migration 002_temporal_lite
2026-07-19T17:21:23 INFO brainkm.db.migrate Applying migration 003_temporal_forgotten
2026-07-19T17:21:23 INFO brainkm.db.migrate Applying migration 004_session_snapshots
2026-07-19T17:21:23 INFO brainkm.db.migrate Applying migration 005_session_activity
2026-07-19T17:21:23 INFO brainkm.db.migrate Applying migration 006_semantic_embeddings
2026-07-19T17:21:23 INFO brainkm.db.migrate Applying migration 007_nodal_edges
2026-07-19T17:21:23 INFO brainkm.db.migrate Applying migration 001_initial
2026-07-19T17:21:23 INFO brainkm.db.migrate Applying migration 002_temporal_lite
2026-07-19T17:21:23 INFO brainkm.db.migrate Applying migration 003_temporal_forgotten
2026-07-19T17:21:23 INFO brainkm.db.migrate Applying migration 004_session_snapshots
2026-07-19T17:21:23 INFO brainkm.db.migrate Applying migration 005_session_activity
2026-07-19T17:21:23 INFO brainkm.db.migrate Applying migration 006_semantic_embeddings
2026-07-19T17:21:23 INFO brainkm.db.migrate Applying migration 007_nodal_edges
2026-07-19T17:21:23 INFO brainkm.db.migrate Applying migration 001_initial
2026-07-19T17:21:23 INFO brainkm.db.migrate Applying migration 002_temporal_lite
2026-07-19T17:21:23 INFO brainkm.db.migrate Applying migration 003_temporal_forgotten
2026-07-19T17:21:23 INFO brainkm.db.migrate Applying migration 004_session_snapshots
2026-07-19T17:21:23 INFO brainkm.db.migrate Applying migration 005_session_activity
2026-07-19T17:21:23 INFO brainkm.db.migrate Applying migration 006_semantic_embeddings
2026-07-19T17:21:23 INFO brainkm.db.migrate Applying migration 007_nodal_edges
2026-07-19T17:21:24 INFO brainkm.db.migrate Applying migration 001_initial
2026-07-19T17:21:24 INFO brainkm.db.migrate Applying migration 002_temporal_lite
2026-07-19T17:21:24 INFO brainkm.db.migrate Applying migration 003_temporal_forgotten
2026-07-19T17:21:24 INFO brainkm.db.migrate Applying migration 004_session_snapshots
2026-07-19T17:21:24 INFO brainkm.db.migrate Applying migration 005_session_activity
2026-07-19T17:21:24 INFO brainkm.db.migrate Applying migration 006_semantic_embeddings
2026-07-19T17:21:24 INFO brainkm.db.migrate Applying migration 007_nodal_edges
2026-07-19T17:21:24 INFO brainkm.db.migrate Applying migration 001_initial
2026-07-19T17:21:24 INFO brainkm.db.migrate Applying migration 002_temporal_lite
2026-07-19T17:21:24 INFO brainkm.db.migrate Applying migration 003_temporal_forgotten
2026-07-19T17:21:24 INFO brainkm.db.migrate Applying migration 004_session_snapshots
2026-07-19T17:21:24 INFO brainkm.db.migrate Applying migration 005_session_activity
2026-07-19T17:21:24 INFO brainkm.db.migrate Applying migration 006_semantic_embeddings
2026-07-19T17:21:24 INFO brainkm.db.migrate Applying migration 007_nodal_edges
2026-07-19T17:21:24 INFO brainkm.db.migrate Applying migration 001_initial
2026-07-19T17:21:24 INFO brainkm.db.migrate Applying migration 002_temporal_lite
2026-07-19T17:21:24 INFO brainkm.db.migrate Applying migration 003_temporal_forgotten
2026-07-19T17:21:24 INFO brainkm.db.migrate Applying migration 004_session_snapshots
2026-07-19T17:21:24 INFO brainkm.db.migrate Applying migration 005_session_activity
2026-07-19T17:21:24 INFO brainkm.db.migrate Applying migration 006_semantic_embeddings
2026-07-19T17:21:24 INFO brainkm.db.migrate Applying migration 007_nodal_edges
2026-07-19T17:21:24 INFO brainkm.db.migrate Applying migration 001_initial
2026-07-19T17:21:24 INFO brainkm.db.migrate Applying migration 002_temporal_lite
2026-07-19T17:21:24 INFO brainkm.db.migrate Applying migration 003_temporal_forgotten
2026-07-19T17:21:24 INFO brainkm.db.migrate Applying migration 004_session_snapshots
2026-07-19T17:21:24 INFO brainkm.db.migrate Applying migration 005_session_activity
2026-07-19T17:21:24 INFO brainkm.db.migrate Applying migration 006_semantic_embeddings
2026-07-19T17:21:24 INFO brainkm.db.migrate Applying migration 007_nodal_edges
2026-07-19T17:21:25 INFO brainkm.db.migrate Applying migration 001_initial
2026-07-19T17:21:25 INFO brainkm.db.migrate Applying migration 002_temporal_lite
2026-07-19T17:21:25 INFO brainkm.db.migrate Applying migration 003_temporal_forgotten
2026-07-19T17:21:25 INFO brainkm.db.migrate Applying migration 004_session_snapshots
2026-07-19T17:21:25 INFO brainkm.db.migrate Applying migration 005_session_activity
2026-07-19T17:21:25 INFO brainkm.db.migrate Applying migration 006_semantic_embeddings
2026-07-19T17:21:25 INFO brainkm.db.migrate Applying migration 007_nodal_edges
2026-07-19T17:21:25 INFO brainkm.db.migrate Applying migration 001_initial
2026-07-19T17:21:25 INFO brainkm.db.migrate Applying migration 002_temporal_lite
2026-07-19T17:21:25 INFO brainkm.db.migrate Applying migration 003_temporal_forgotten
2026-07-19T17:21:25 INFO brainkm.db.migrate Applying migration 004_session_snapshots
2026-07-19T17:21:25 INFO brainkm.db.migrate Applying migration 005_session_activity
2026-07-19T17:21:25 INFO brainkm.db.migrate Applying migration 006_semantic_embeddings
2026-07-19T17:21:25 INFO brainkm.db.migrate Applying migration 007_nodal_edges
2026-07-19T17:21:25 INFO brainkm.db.migrate Applying migration 001_initial
2026-07-19T17:21:25 INFO brainkm.db.migrate Applying migration 002_temporal_lite
2026-07-19T17:21:25 INFO brainkm.db.migrate Applying migration 003_temporal_forgotten
2026-07-19T17:21:25 INFO brainkm.db.migrate Applying migration 004_session_snapshots
2026-07-19T17:21:25 INFO brainkm.db.migrate Applying migration 005_session_activity
2026-07-19T17:21:25 INFO brainkm.db.migrate Applying migration 006_semantic_embeddings
2026-07-19T17:21:25 INFO brainkm.db.migrate Applying migration 007_nodal_edges
2026-07-19T17:21:25 INFO brainkm.db.migrate Applying migration 001_initial
2026-07-19T17:21:25 INFO brainkm.db.migrate Applying migration 002_temporal_lite
2026-07-19T17:21:25 INFO brainkm.db.migrate Applying migration 003_temporal_forgotten
2026-07-19T17:21:25 INFO brainkm.db.migrate Applying migration 004_session_snapshots
2026-07-19T17:21:25 INFO brainkm.db.migrate Applying migration 005_session_activity
2026-07-19T17:21:25 INFO brainkm.db.migrate Applying migration 006_semantic_embeddings
2026-07-19T17:21:25 INFO brainkm.db.migrate Applying migration 007_nodal_edges
2026-07-19T17:21:26 INFO brainkm.db.migrate Applying migration 001_initial
2026-07-19T17:21:26 INFO brainkm.db.migrate Applying migration 002_temporal_lite
2026-07-19T17:21:26 INFO brainkm.db.migrate Applying migration 003_temporal_forgotten
2026-07-19T17:21:26 INFO brainkm.db.migrate Applying migration 004_session_snapshots
2026-07-19T17:21:26 INFO brainkm.db.migrate Applying migration 005_session_activity
2026-07-19T17:21:26 INFO brainkm.db.migrate Applying migration 006_semantic_embeddings
2026-07-19T17:21:26 INFO brainkm.db.migrate Applying migration 007_nodal_edges
2026-07-19T17:21:26 INFO brainkm.db.migrate Applying migration 001_initial
2026-07-19T17:21:26 INFO brainkm.db.migrate Applying migration 002_temporal_lite
2026-07-19T17:21:26 INFO brainkm.db.migrate Applying migration 003_temporal_forgotten
2026-07-19T17:21:26 INFO brainkm.db.migrate Applying migration 004_session_snapshots
2026-07-19T17:21:26 INFO brainkm.db.migrate Applying migration 005_session_activity
2026-07-19T17:21:26 INFO brainkm.db.migrate Applying migration 006_semantic_embeddings
2026-07-19T17:21:26 INFO brainkm.db.migrate Applying migration 007_nodal_edges
2026-07-19T17:21:26 INFO brainkm.db.migrate Applying migration 001_initial
2026-07-19T17:21:26 INFO brainkm.db.migrate Applying migration 002_temporal_lite
2026-07-19T17:21:26 INFO brainkm.db.migrate Applying migration 003_temporal_forgotten
2026-07-19T17:21:26 INFO brainkm.db.migrate Applying migration 004_session_snapshots
2026-07-19T17:21:26 INFO brainkm.db.migrate Applying migration 005_session_activity
2026-07-19T17:21:26 INFO brainkm.db.migrate Applying migration 006_semantic_embeddings
2026-07-19T17:21:26 INFO brainkm.db.migrate Applying migration 007_nodal_edges
2026-07-19T17:21:26 INFO brainkm.db.migrate Applying migration 001_initial
2026-07-19T17:21:26 INFO brainkm.db.migrate Applying migration 002_temporal_lite
2026-07-19T17:21:26 INFO brainkm.db.migrate Applying migration 003_temporal_forgotten
2026-07-19T17:21:26 INFO brainkm.db.migrate Applying migration 004_session_snapshots
2026-07-19T17:21:26 INFO brainkm.db.migrate Applying migration 005_session_activity
2026-07-19T17:21:26 INFO brainkm.db.migrate Applying migration 006_semantic_embeddings
2026-07-19T17:21:26 INFO brainkm.db.migrate Applying migration 007_nodal_edges
2026-07-19T17:21:27 INFO brainkm.db.migrate Applying migration 001_initial
2026-07-19T17:21:27 INFO brainkm.db.migrate Applying migration 002_temporal_lite
2026-07-19T17:21:27 INFO brainkm.db.migrate Applying migration 003_temporal_forgotten
2026-07-19T17:21:27 INFO brainkm.db.migrate Applying migration 004_session_snapshots
2026-07-19T17:21:27 INFO brainkm.db.migrate Applying migration 005_session_activity
2026-07-19T17:21:27 INFO brainkm.db.migrate Applying migration 006_semantic_embeddings
2026-07-19T17:21:27 INFO brainkm.db.migrate Applying migration 007_nodal_edges
2026-07-19T17:21:27 INFO brainkm.db.migrate Applying migration 001_initial
2026-07-19T17:21:27 INFO brainkm.db.migrate Applying migration 002_temporal_lite
2026-07-19T17:21:27 INFO brainkm.db.migrate Applying migration 003_temporal_forgotten
2026-07-19T17:21:27 INFO brainkm.db.migrate Applying migration 004_session_snapshots
2026-07-19T17:21:27 INFO brainkm.db.migrate Applying migration 005_session_activity
2026-07-19T17:21:27 INFO brainkm.db.migrate Applying migration 006_semantic_embeddings
2026-07-19T17:21:27 INFO brainkm.db.migrate Applying migration 007_nodal_edges
2026-07-19T17:21:27 INFO brainkm.db.migrate Applying migration 001_initial
2026-07-19T17:21:27 INFO brainkm.db.migrate Applying migration 002_temporal_lite
2026-07-19T17:21:27 INFO brainkm.db.migrate Applying migration 003_temporal_forgotten
2026-07-19T17:21:27 INFO brainkm.db.migrate Applying migration 004_session_snapshots
2026-07-19T17:21:27 INFO brainkm.db.migrate Applying migration 005_session_activity
2026-07-19T17:21:27 INFO brainkm.db.migrate Applying migration 006_semantic_embeddings
2026-07-19T17:21:27 INFO brainkm.db.migrate Applying migration 007_nodal_edges
2026-07-19T17:21:27 INFO brainkm.db.migrate Applying migration 001_initial
2026-07-19T17:21:27 INFO brainkm.db.migrate Applying migration 002_temporal_lite
2026-07-19T17:21:27 INFO brainkm.db.migrate Applying migration 003_temporal_forgotten
2026-07-19T17:21:27 INFO brainkm.db.migrate Applying migration 004_session_snapshots
2026-07-19T17:21:27 INFO brainkm.db.migrate Applying migration 005_session_activity
2026-07-19T17:21:28 INFO brainkm.db.migrate Applying migration 006_semantic_embeddings
2026-07-19T17:21:28 INFO brainkm.db.migrate Applying migration 007_nodal_edges
2026-07-19T17:21:28 INFO brainkm.db.migrate Applying migration 001_initial
2026-07-19T17:21:28 INFO brainkm.db.migrate Applying migration 002_temporal_lite
2026-07-19T17:21:28 INFO brainkm.db.migrate Applying migration 003_temporal_forgotten
2026-07-19T17:21:28 INFO brainkm.db.migrate Applying migration 004_session_snapshots
2026-07-19T17:21:28 INFO brainkm.db.migrate Applying migration 005_session_activity
2026-07-19T17:21:28 INFO brainkm.db.migrate Applying migration 006_semantic_embeddings
2026-07-19T17:21:28 INFO brainkm.db.migrate Applying migration 007_nodal_edges
2026-07-19T17:21:28 INFO brainkm.db.migrate Applying migration 001_initial
2026-07-19T17:21:28 INFO brainkm.db.migrate Applying migration 002_temporal_lite
2026-07-19T17:21:28 INFO brainkm.db.migrate Applying migration 003_temporal_forgotten
2026-07-19T17:21:28 INFO brainkm.db.migrate Applying migration 004_session_snapshots
2026-07-19T17:21:28 INFO brainkm.db.migrate Applying migration 005_session_activity
2026-07-19T17:21:28 INFO brainkm.db.migrate Applying migration 006_semantic_embeddings
2026-07-19T17:21:28 INFO brainkm.db.migrate Applying migration 007_nodal_edges
2026-07-19T17:21:28 INFO brainkm.db.migrate Applying migration 001_initial
2026-07-19T17:21:28 INFO brainkm.db.migrate Applying migration 002_temporal_lite
2026-07-19T17:21:28 INFO brainkm.db.migrate Applying migration 003_temporal_forgotten
2026-07-19T17:21:28 INFO brainkm.db.migrate Applying migration 004_session_snapshots
2026-07-19T17:21:28 INFO brainkm.db.migrate Applying migration 005_session_activity
2026-07-19T17:21:28 INFO brainkm.db.migrate Applying migration 006_semantic_embeddings
2026-07-19T17:21:28 INFO brainkm.db.migrate Applying migration 007_nodal_edges
2026-07-19T17:21:28 INFO brainkm.db.migrate Applying migration 001_initial
2026-07-19T17:21:28 INFO brainkm.db.migrate Applying migration 002_temporal_lite
2026-07-19T17:21:28 INFO brainkm.db.migrate Applying migration 003_temporal_forgotten
2026-07-19T17:21:28 INFO brainkm.db.migrate Applying migration 004_session_snapshots
2026-07-19T17:21:28 INFO brainkm.db.migrate Applying migration 005_session_activity
2026-07-19T17:21:28 INFO brainkm.db.migrate Applying migration 006_semantic_embeddings
2026-07-19T17:21:28 INFO brainkm.db.migrate Applying migration 007_nodal_edges
2026-07-19T17:21:29 INFO brainkm.db.migrate Applying migration 001_initial
2026-07-19T17:21:29 INFO brainkm.db.migrate Applying migration 002_temporal_lite
2026-07-19T17:21:29 INFO brainkm.db.migrate Applying migration 003_temporal_forgotten
2026-07-19T17:21:29 INFO brainkm.db.migrate Applying migration 004_session_snapshots
2026-07-19T17:21:29 INFO brainkm.db.migrate Applying migration 005_session_activity
2026-07-19T17:21:29 INFO brainkm.db.migrate Applying migration 006_semantic_embeddings
2026-07-19T17:21:29 INFO brainkm.db.migrate Applying migration 007_nodal_edges
2026-07-19T17:21:29 INFO brainkm.db.migrate Applying migration 001_initial
2026-07-19T17:21:29 INFO brainkm.db.migrate Applying migration 002_temporal_lite
2026-07-19T17:21:29 INFO brainkm.db.migrate Applying migration 003_temporal_forgotten
2026-07-19T17:21:29 INFO brainkm.db.migrate Applying migration 004_session_snapshots
2026-07-19T17:21:29 INFO brainkm.db.migrate Applying migration 005_session_activity
2026-07-19T17:21:29 INFO brainkm.db.migrate Applying migration 006_semantic_embeddings
2026-07-19T17:21:29 INFO brainkm.db.migrate Applying migration 007_nodal_edges
2026-07-19T17:21:29 INFO brainkm.db.migrate Applying migration 001_initial
2026-07-19T17:21:29 INFO brainkm.db.migrate Applying migration 002_temporal_lite
2026-07-19T17:21:29 INFO brainkm.db.migrate Applying migration 003_temporal_forgotten
2026-07-19T17:21:29 INFO brainkm.db.migrate Applying migration 004_session_snapshots
2026-07-19T17:21:29 INFO brainkm.db.migrate Applying migration 005_session_activity
2026-07-19T17:21:29 INFO brainkm.db.migrate Applying migration 006_semantic_embeddings
2026-07-19T17:21:29 INFO brainkm.db.migrate Applying migration 007_nodal_edges
2026-07-19T17:21:29 INFO brainkm.db.migrate Applying migration 001_initial
2026-07-19T17:21:29 INFO brainkm.db.migrate Applying migration 002_temporal_lite
2026-07-19T17:21:29 INFO brainkm.db.migrate Applying migration 003_temporal_forgotten
2026-07-19T17:21:29 INFO brainkm.db.migrate Applying migration 004_session_snapshots
2026-07-19T17:21:29 INFO brainkm.db.migrate Applying migration 005_session_activity
2026-07-19T17:21:29 INFO brainkm.db.migrate Applying migration 006_semantic_embeddings
2026-07-19T17:21:29 INFO brainkm.db.migrate Applying migration 007_nodal_edges
2026-07-19T17:21:30 INFO brainkm.db.migrate Applying migration 001_initial
2026-07-19T17:21:30 INFO brainkm.db.migrate Applying migration 002_temporal_lite
2026-07-19T17:21:30 INFO brainkm.db.migrate Applying migration 003_temporal_forgotten
2026-07-19T17:21:30 INFO brainkm.db.migrate Applying migration 004_session_snapshots
2026-07-19T17:21:30 INFO brainkm.db.migrate Applying migration 005_session_activity
2026-07-19T17:21:30 INFO brainkm.db.migrate Applying migration 006_semantic_embeddings
2026-07-19T17:21:30 INFO brainkm.db.migrate Applying migration 007_nodal_edges
2026-07-19T17:21:30 INFO brainkm.db.migrate Applying migration 001_initial
2026-07-19T17:21:30 INFO brainkm.db.migrate Applying migration 002_temporal_lite
2026-07-19T17:21:30 INFO brainkm.db.migrate Applying migration 003_temporal_forgotten
2026-07-19T17:21:30 INFO brainkm.db.migrate Applying migration 004_session_snapshots
2026-07-19T17:21:30 INFO brainkm.db.migrate Applying migration 005_session_activity
2026-07-19T17:21:30 INFO brainkm.db.migrate Applying migration 006_semantic_embeddings
2026-07-19T17:21:30 INFO brainkm.db.migrate Applying migration 007_nodal_edges
2026-07-19T17:21:30 INFO brainkm.db.migrate Applying migration 001_initial
2026-07-19T17:21:30 INFO brainkm.db.migrate Applying migration 002_temporal_lite
2026-07-19T17:21:30 INFO brainkm.db.migrate Applying migration 003_temporal_forgotten
2026-07-19T17:21:30 INFO brainkm.db.migrate Applying migration 004_session_snapshots
2026-07-19T17:21:30 INFO brainkm.db.migrate Applying migration 005_session_activity
2026-07-19T17:21:30 INFO brainkm.db.migrate Applying migration 006_semantic_embeddings
2026-07-19T17:21:30 INFO brainkm.db.migrate Applying migration 007_nodal_edges
2026-07-19T17:21:30 INFO brainkm.db.migrate Applying migration 001_initial
2026-07-19T17:21:30 INFO brainkm.db.migrate Applying migration 002_temporal_lite
2026-07-19T17:21:30 INFO brainkm.db.migrate Applying migration 003_temporal_forgotten
2026-07-19T17:21:30 INFO brainkm.db.migrate Applying migration 004_session_snapshots
2026-07-19T17:21:30 INFO brainkm.db.migrate Applying migration 005_session_activity
2026-07-19T17:21:30 INFO brainkm.db.migrate Applying migration 006_semantic_embeddings
2026-07-19T17:21:30 INFO brainkm.db.migrate Applying migration 007_nodal_edges
2026-07-19T17:21:31 INFO brainkm.db.migrate Applying migration 001_initial
2026-07-19T17:21:31 INFO brainkm.db.migrate Applying migration 002_temporal_lite
2026-07-19T17:21:31 INFO brainkm.db.migrate Applying migration 003_temporal_forgotten
2026-07-19T17:21:31 INFO brainkm.db.migrate Applying migration 004_session_snapshots
2026-07-19T17:21:31 INFO brainkm.db.migrate Applying migration 005_session_activity
2026-07-19T17:21:31 INFO brainkm.db.migrate Applying migration 006_semantic_embeddings
2026-07-19T17:21:31 INFO brainkm.db.migrate Applying migration 007_nodal_edges
2026-07-19T17:21:31 INFO brainkm.db.migrate Applying migration 001_initial
2026-07-19T17:21:31 INFO brainkm.db.migrate Applying migration 002_temporal_lite
2026-07-19T17:21:31 INFO brainkm.db.migrate Applying migration 003_temporal_forgotten
2026-07-19T17:21:31 INFO brainkm.db.migrate Applying migration 004_session_snapshots
2026-07-19T17:21:31 INFO brainkm.db.migrate Applying migration 005_session_activity
2026-07-19T17:21:31 INFO brainkm.db.migrate Applying migration 006_semantic_embeddings
2026-07-19T17:21:31 INFO brainkm.db.migrate Applying migration 007_nodal_edges
2026-07-19T17:21:31 INFO brainkm.db.migrate Applying migration 001_initial
2026-07-19T17:21:31 INFO brainkm.db.migrate Applying migration 002_temporal_lite
2026-07-19T17:21:31 INFO brainkm.db.migrate Applying migration 003_temporal_forgotten
2026-07-19T17:21:31 INFO brainkm.db.migrate Applying migration 004_session_snapshots
2026-07-19T17:21:31 INFO brainkm.db.migrate Applying migration 005_session_activity
2026-07-19T17:21:31 INFO brainkm.db.migrate Applying migration 006_semantic_embeddings
2026-07-19T17:21:31 INFO brainkm.db.migrate Applying migration 007_nodal_edges
2026-07-19T17:21:32 INFO brainkm.db.migrate Applying migration 001_initial
2026-07-19T17:21:32 INFO brainkm.db.migrate Applying migration 002_temporal_lite
2026-07-19T17:21:32 INFO brainkm.db.migrate Applying migration 003_temporal_forgotten
2026-07-19T17:21:32 INFO brainkm.db.migrate Applying migration 004_session_snapshots
2026-07-19T17:21:32 INFO brainkm.db.migrate Applying migration 005_session_activity
2026-07-19T17:21:32 INFO brainkm.db.migrate Applying migration 006_semantic_embeddings
2026-07-19T17:21:32 INFO brainkm.db.migrate Applying migration 007_nodal_edges
2026-07-19T17:21:32 INFO brainkm.db.migrate Applying migration 001_initial
2026-07-19T17:21:32 INFO brainkm.db.migrate Applying migration 002_temporal_lite
2026-07-19T17:21:32 INFO brainkm.db.migrate Applying migration 003_temporal_forgotten
2026-07-19T17:21:32 INFO brainkm.db.migrate Applying migration 004_session_snapshots
2026-07-19T17:21:32 INFO brainkm.db.migrate Applying migration 005_session_activity
2026-07-19T17:21:32 INFO brainkm.db.migrate Applying migration 006_semantic_embeddings
2026-07-19T17:21:32 INFO brainkm.db.migrate Applying migration 007_nodal_edges
2026-07-19T17:21:32 INFO brainkm.db.migrate Applying migration 001_initial
2026-07-19T17:21:32 INFO brainkm.db.migrate Applying migration 002_temporal_lite
2026-07-19T17:21:32 INFO brainkm.db.migrate Applying migration 003_temporal_forgotten
2026-07-19T17:21:32 INFO brainkm.db.migrate Applying migration 004_session_snapshots
2026-07-19T17:21:32 INFO brainkm.db.migrate Applying migration 005_session_activity
2026-07-19T17:21:32 INFO brainkm.db.migrate Applying migration 006_semantic_embeddings
2026-07-19T17:21:32 INFO brainkm.db.migrate Applying migration 007_nodal_edges
2026-07-19T17:21:32 INFO brainkm.db.migrate Applying migration 001_initial
2026-07-19T17:21:32 INFO brainkm.db.migrate Applying migration 002_temporal_lite
2026-07-19T17:21:32 INFO brainkm.db.migrate Applying migration 003_temporal_forgotten
2026-07-19T17:21:32 INFO brainkm.db.migrate Applying migration 004_session_snapshots
2026-07-19T17:21:32 INFO brainkm.db.migrate Applying migration 005_session_activity
2026-07-19T17:21:32 INFO brainkm.db.migrate Applying migration 006_semantic_embeddings
2026-07-19T17:21:32 INFO brainkm.db.migrate Applying migration 007_nodal_edges
2026-07-19T17:21:33 INFO brainkm.db.migrate Applying migration 001_initial
2026-07-19T17:21:33 INFO brainkm.db.migrate Applying migration 002_temporal_lite
2026-07-19T17:21:33 INFO brainkm.db.migrate Applying migration 003_temporal_forgotten
2026-07-19T17:21:33 INFO brainkm.db.migrate Applying migration 004_session_snapshots
2026-07-19T17:21:33 INFO brainkm.db.migrate Applying migration 005_session_activity
2026-07-19T17:21:33 INFO brainkm.db.migrate Applying migration 006_semantic_embeddings
2026-07-19T17:21:33 INFO brainkm.db.migrate Applying migration 007_nodal_edges
2026-07-19T17:21:33 INFO brainkm.db.migrate Applying migration 001_initial
2026-07-19T17:21:33 INFO brainkm.db.migrate Applying migration 002_temporal_lite
2026-07-19T17:21:33 INFO brainkm.db.migrate Applying migration 003_temporal_forgotten
2026-07-19T17:21:33 INFO brainkm.db.migrate Applying migration 004_session_snapshots
2026-07-19T17:21:33 INFO brainkm.db.migrate Applying migration 005_session_activity
2026-07-19T17:21:33 INFO brainkm.db.migrate Applying migration 006_semantic_embeddings
2026-07-19T17:21:33 INFO brainkm.db.migrate Applying migration 007_nodal_edges
2026-07-19T17:21:33 INFO brainkm.db.migrate Applying migration 001_initial
2026-07-19T17:21:33 INFO brainkm.db.migrate Applying migration 002_temporal_lite
2026-07-19T17:21:33 INFO brainkm.db.migrate Applying migration 003_temporal_forgotten
2026-07-19T17:21:33 INFO brainkm.db.migrate Applying migration 004_session_snapshots
2026-07-19T17:21:33 INFO brainkm.db.migrate Applying migration 005_session_activity
2026-07-19T17:21:33 INFO brainkm.db.migrate Applying migration 006_semantic_embeddings
2026-07-19T17:21:33 INFO brainkm.db.migrate Applying migration 007_nodal_edges
2026-07-19T17:21:33 INFO brainkm.db.migrate Applying migration 001_initial
2026-07-19T17:21:33 INFO brainkm.db.migrate Applying migration 002_temporal_lite
2026-07-19T17:21:33 INFO brainkm.db.migrate Applying migration 003_temporal_forgotten
2026-07-19T17:21:33 INFO brainkm.db.migrate Applying migration 004_session_snapshots
2026-07-19T17:21:33 INFO brainkm.db.migrate Applying migration 005_session_activity
2026-07-19T17:21:33 INFO brainkm.db.migrate Applying migration 006_semantic_embeddings
2026-07-19T17:21:33 INFO brainkm.db.migrate Applying migration 007_nodal_edges
2026-07-19T17:21:34 INFO brainkm.db.migrate Applying migration 001_initial
2026-07-19T17:21:34 INFO brainkm.db.migrate Applying migration 002_temporal_lite
2026-07-19T17:21:34 INFO brainkm.db.migrate Applying migration 003_temporal_forgotten
2026-07-19T17:21:34 INFO brainkm.db.migrate Applying migration 004_session_snapshots
2026-07-19T17:21:34 INFO brainkm.db.migrate Applying migration 005_session_activity
2026-07-19T17:21:34 INFO brainkm.db.migrate Applying migration 006_semantic_embeddings
2026-07-19T17:21:34 INFO brainkm.db.migrate Applying migration 007_nodal_edges
2026-07-19T17:21:34 INFO brainkm.db.migrate Applying migration 001_initial
2026-07-19T17:21:34 INFO brainkm.db.migrate Applying migration 002_temporal_lite
2026-07-19T17:21:34 INFO brainkm.db.migrate Applying migration 003_temporal_forgotten
2026-07-19T17:21:34 INFO brainkm.db.migrate Applying migration 004_session_snapshots
2026-07-19T17:21:34 INFO brainkm.db.migrate Applying migration 005_session_activity
2026-07-19T17:21:34 INFO brainkm.db.migrate Applying migration 006_semantic_embeddings
2026-07-19T17:21:34 INFO brainkm.db.migrate Applying migration 007_nodal_edges
2026-07-19T17:21:34 INFO brainkm.db.migrate Applying migration 001_initial
2026-07-19T17:21:34 INFO brainkm.db.migrate Applying migration 002_temporal_lite
2026-07-19T17:21:34 INFO brainkm.db.migrate Applying migration 003_temporal_forgotten
2026-07-19T17:21:34 INFO brainkm.db.migrate Applying migration 004_session_snapshots
2026-07-19T17:21:34 INFO brainkm.db.migrate Applying migration 005_session_activity
2026-07-19T17:21:34 INFO brainkm.db.migrate Applying migration 006_semantic_embeddings
2026-07-19T17:21:34 INFO brainkm.db.migrate Applying migration 007_nodal_edges
2026-07-19T17:21:35 INFO brainkm.db.migrate Applying migration 001_initial
2026-07-19T17:21:35 INFO brainkm.db.migrate Applying migration 002_temporal_lite
2026-07-19T17:21:35 INFO brainkm.db.migrate Applying migration 003_temporal_forgotten
2026-07-19T17:21:35 INFO brainkm.db.migrate Applying migration 004_session_snapshots
2026-07-19T17:21:35 INFO brainkm.db.migrate Applying migration 005_session_activity
2026-07-19T17:21:35 INFO brainkm.db.migrate Applying migration 006_semantic_embeddings
2026-07-19T17:21:35 INFO brainkm.db.migrate Applying migration 007_nodal_edges
2026-07-19T17:21:35 INFO brainkm.db.migrate Applying migration 001_initial
2026-07-19T17:21:35 INFO brainkm.db.migrate Applying migration 002_temporal_lite
2026-07-19T17:21:35 INFO brainkm.db.migrate Applying migration 003_temporal_forgotten
2026-07-19T17:21:35 INFO brainkm.db.migrate Applying migration 004_session_snapshots
2026-07-19T17:21:35 INFO brainkm.db.migrate Applying migration 005_session_activity
2026-07-19T17:21:35 INFO brainkm.db.migrate Applying migration 006_semantic_embeddings
2026-07-19T17:21:35 INFO brainkm.db.migrate Applying migration 007_nodal_edges
2026-07-19T17:21:35 INFO brainkm.db.migrate Applying migration 001_initial
2026-07-19T17:21:35 INFO brainkm.db.migrate Applying migration 002_temporal_lite
2026-07-19T17:21:35 INFO brainkm.db.migrate Applying migration 003_temporal_forgotten
2026-07-19T17:21:35 INFO brainkm.db.migrate Applying migration 004_session_snapshots
2026-07-19T17:21:35 INFO brainkm.db.migrate Applying migration 005_session_activity
2026-07-19T17:21:35 INFO brainkm.db.migrate Applying migration 006_semantic_embeddings
2026-07-19T17:21:35 INFO brainkm.db.migrate Applying migration 007_nodal_edges
2026-07-19T17:21:35 INFO brainkm.db.migrate Applying migration 001_initial
2026-07-19T17:21:35 INFO brainkm.db.migrate Applying migration 002_temporal_lite
2026-07-19T17:21:35 INFO brainkm.db.migrate Applying migration 003_temporal_forgotten
2026-07-19T17:21:35 INFO brainkm.db.migrate Applying migration 004_session_snapshots
2026-07-19T17:21:35 INFO brainkm.db.migrate Applying migration 005_session_activity
2026-07-19T17:21:35 INFO brainkm.db.migrate Applying migration 006_semantic_embeddings
2026-07-19T17:21:35 INFO brainkm.db.migrate Applying migration 007_nodal_edges
2026-07-19T17:21:35 INFO brainkm.db.migrate Applying migration 001_initial
2026-07-19T17:21:36 INFO brainkm.db.migrate Applying migration 002_temporal_lite
2026-07-19T17:21:36 INFO brainkm.db.migrate Applying migration 003_temporal_forgotten
2026-07-19T17:21:36 INFO brainkm.db.migrate Applying migration 004_session_snapshots
2026-07-19T17:21:36 INFO brainkm.db.migrate Applying migration 005_session_activity
2026-07-19T17:21:36 INFO brainkm.db.migrate Applying migration 006_semantic_embeddings
2026-07-19T17:21:36 INFO brainkm.db.migrate Applying migration 007_nodal_edges
2026-07-19T17:21:36 INFO brainkm.db.migrate Applying migration 001_initial
2026-07-19T17:21:36 INFO brainkm.db.migrate Applying migration 002_temporal_lite
2026-07-19T17:21:36 INFO brainkm.db.migrate Applying migration 003_temporal_forgotten
2026-07-19T17:21:36 INFO brainkm.db.migrate Applying migration 004_session_snapshots
2026-07-19T17:21:36 INFO brainkm.db.migrate Applying migration 005_session_activity
2026-07-19T17:21:36 INFO brainkm.db.migrate Applying migration 006_semantic_embeddings
2026-07-19T17:21:36 INFO brainkm.db.migrate Applying migration 007_nodal_edges
2026-07-19T17:21:36 INFO brainkm.db.migrate Applying migration 001_initial
2026-07-19T17:21:36 INFO brainkm.db.migrate Applying migration 002_temporal_lite
2026-07-19T17:21:36 INFO brainkm.db.migrate Applying migration 003_temporal_forgotten
2026-07-19T17:21:36 INFO brainkm.db.migrate Applying migration 004_session_snapshots
2026-07-19T17:21:36 INFO brainkm.db.migrate Applying migration 005_session_activity
2026-07-19T17:21:36 INFO brainkm.db.migrate Applying migration 006_semantic_embeddings
2026-07-19T17:21:36 INFO brainkm.db.migrate Applying migration 007_nodal_edges
2026-07-19T17:21:36 INFO brainkm.db.migrate Applying migration 001_initial
2026-07-19T17:21:36 INFO brainkm.db.migrate Applying migration 002_temporal_lite
2026-07-19T17:21:36 INFO brainkm.db.migrate Applying migration 003_temporal_forgotten
2026-07-19T17:21:36 INFO brainkm.db.migrate Applying migration 004_session_snapshots
2026-07-19T17:21:36 INFO brainkm.db.migrate Applying migration 005_session_activity
2026-07-19T17:21:36 INFO brainkm.db.migrate Applying migration 006_semantic_embeddings
2026-07-19T17:21:36 INFO brainkm.db.migrate Applying migration 007_nodal_edges
2026-07-19T17:21:37 INFO brainkm.db.migrate Applying migration 001_initial
2026-07-19T17:21:37 INFO brainkm.db.migrate Applying migration 002_temporal_lite
2026-07-19T17:21:37 INFO brainkm.db.migrate Applying migration 003_temporal_forgotten
2026-07-19T17:21:37 INFO brainkm.db.migrate Applying migration 004_session_snapshots
2026-07-19T17:21:37 INFO brainkm.db.migrate Applying migration 005_session_activity
2026-07-19T17:21:37 INFO brainkm.db.migrate Applying migration 006_semantic_embeddings
2026-07-19T17:21:37 INFO brainkm.db.migrate Applying migration 007_nodal_edges
2026-07-19T17:21:37 INFO brainkm.db.migrate Applying migration 001_initial
2026-07-19T17:21:37 INFO brainkm.db.migrate Applying migration 002_temporal_lite
2026-07-19T17:21:37 INFO brainkm.db.migrate Applying migration 003_temporal_forgotten
2026-07-19T17:21:37 INFO brainkm.db.migrate Applying migration 004_session_snapshots
2026-07-19T17:21:37 INFO brainkm.db.migrate Applying migration 005_session_activity
2026-07-19T17:21:37 INFO brainkm.db.migrate Applying migration 006_semantic_embeddings
2026-07-19T17:21:37 INFO brainkm.db.migrate Applying migration 007_nodal_edges
2026-07-19T17:21:37 INFO brainkm.db.migrate Applying migration 001_initial
2026-07-19T17:21:37 INFO brainkm.db.migrate Applying migration 002_temporal_lite
2026-07-19T17:21:37 INFO brainkm.db.migrate Applying migration 003_temporal_forgotten
2026-07-19T17:21:37 INFO brainkm.db.migrate Applying migration 004_session_snapshots
2026-07-19T17:21:37 INFO brainkm.db.migrate Applying migration 005_session_activity
2026-07-19T17:21:37 INFO brainkm.db.migrate Applying migration 006_semantic_embeddings
2026-07-19T17:21:37 INFO brainkm.db.migrate Applying migration 007_nodal_edges
2026-07-19T17:21:37 INFO brainkm.db.migrate Applying migration 001_initial
2026-07-19T17:21:37 INFO brainkm.db.migrate Applying migration 002_temporal_lite
2026-07-19T17:21:37 INFO brainkm.db.migrate Applying migration 003_temporal_forgotten
2026-07-19T17:21:37 INFO brainkm.db.migrate Applying migration 004_session_snapshots
2026-07-19T17:21:37 INFO brainkm.db.migrate Applying migration 005_session_activity
2026-07-19T17:21:37 INFO brainkm.db.migrate Applying migration 006_semantic_embeddings
2026-07-19T17:21:37 INFO brainkm.db.migrate Applying migration 007_nodal_edges
2026-07-19T17:21:38 INFO brainkm.db.migrate Applying migration 001_initial
2026-07-19T17:21:38 INFO brainkm.db.migrate Applying migration 002_temporal_lite
2026-07-19T17:21:38 INFO brainkm.db.migrate Applying migration 003_temporal_forgotten
2026-07-19T17:21:38 INFO brainkm.db.migrate Applying migration 004_session_snapshots
2026-07-19T17:21:38 INFO brainkm.db.migrate Applying migration 005_session_activity
2026-07-19T17:21:38 INFO brainkm.db.migrate Applying migration 006_semantic_embeddings
2026-07-19T17:21:38 INFO brainkm.db.migrate Applying migration 007_nodal_edges
2026-07-19T17:21:38 INFO brainkm.db.migrate Applying migration 001_initial
2026-07-19T17:21:38 INFO brainkm.db.migrate Applying migration 002_temporal_lite
2026-07-19T17:21:38 INFO brainkm.db.migrate Applying migration 003_temporal_forgotten
2026-07-19T17:21:38 INFO brainkm.db.migrate Applying migration 004_session_snapshots
2026-07-19T17:21:38 INFO brainkm.db.migrate Applying migration 005_session_activity
2026-07-19T17:21:38 INFO brainkm.db.migrate Applying migration 006_semantic_embeddings
2026-07-19T17:21:38 INFO brainkm.db.migrate Applying migration 007_nodal_edges
2026-07-19T17:21:38 INFO brainkm.db.migrate Applying migration 001_initial
2026-07-19T17:21:38 INFO brainkm.db.migrate Applying migration 002_temporal_lite
2026-07-19T17:21:38 INFO brainkm.db.migrate Applying migration 003_temporal_forgotten
2026-07-19T17:21:38 INFO brainkm.db.migrate Applying migration 004_session_snapshots
2026-07-19T17:21:38 INFO brainkm.db.migrate Applying migration 005_session_activity
2026-07-19T17:21:38 INFO brainkm.db.migrate Applying migration 006_semantic_embeddings
2026-07-19T17:21:38 INFO brainkm.db.migrate Applying migration 007_nodal_edges
2026-07-19T17:21:38 INFO brainkm.db.migrate Applying migration 001_initial
2026-07-19T17:21:38 INFO brainkm.db.migrate Applying migration 002_temporal_lite
2026-07-19T17:21:38 INFO brainkm.db.migrate Applying migration 003_temporal_forgotten
2026-07-19T17:21:38 INFO brainkm.db.migrate Applying migration 004_session_snapshots
2026-07-19T17:21:38 INFO brainkm.db.migrate Applying migration 005_session_activity
2026-07-19T17:21:38 INFO brainkm.db.migrate Applying migration 006_semantic_embeddings
2026-07-19T17:21:38 INFO brainkm.db.migrate Applying migration 007_nodal_edges
2026-07-19T17:21:39 INFO brainkm.db.migrate Applying migration 001_initial
2026-07-19T17:21:39 INFO brainkm.db.migrate Applying migration 002_temporal_lite
2026-07-19T17:21:39 INFO brainkm.db.migrate Applying migration 003_temporal_forgotten
2026-07-19T17:21:39 INFO brainkm.db.migrate Applying migration 004_session_snapshots
2026-07-19T17:21:39 INFO brainkm.db.migrate Applying migration 005_session_activity
2026-07-19T17:21:39 INFO brainkm.db.migrate Applying migration 006_semantic_embeddings
2026-07-19T17:21:39 INFO brainkm.db.migrate Applying migration 007_nodal_edges
2026-07-19T17:21:39 INFO brainkm.db.migrate Applying migration 001_initial
2026-07-19T17:21:39 INFO brainkm.db.migrate Applying migration 002_temporal_lite
2026-07-19T17:21:39 INFO brainkm.db.migrate Applying migration 003_temporal_forgotten
2026-07-19T17:21:39 INFO brainkm.db.migrate Applying migration 004_session_snapshots
2026-07-19T17:21:39 INFO brainkm.db.migrate Applying migration 005_session_activity
2026-07-19T17:21:39 INFO brainkm.db.migrate Applying migration 006_semantic_embeddings
2026-07-19T17:21:39 INFO brainkm.db.migrate Applying migration 007_nodal_edges
2026-07-19T17:21:39 INFO brainkm.db.migrate Applying migration 001_initial
2026-07-19T17:21:39 INFO brainkm.db.migrate Applying migration 002_temporal_lite
2026-07-19T17:21:39 INFO brainkm.db.migrate Applying migration 003_temporal_forgotten
2026-07-19T17:21:39 INFO brainkm.db.migrate Applying migration 004_session_snapshots
2026-07-19T17:21:39 INFO brainkm.db.migrate Applying migration 005_session_activity
2026-07-19T17:21:39 INFO brainkm.db.migrate Applying migration 006_semantic_embeddings
2026-07-19T17:21:39 INFO brainkm.db.migrate Applying migration 007_nodal_edges
2026-07-19T17:21:39 INFO brainkm.db.migrate Applying migration 001_initial
2026-07-19T17:21:39 INFO brainkm.db.migrate Applying migration 002_temporal_lite
2026-07-19T17:21:39 INFO brainkm.db.migrate Applying migration 003_temporal_forgotten
2026-07-19T17:21:39 INFO brainkm.db.migrate Applying migration 004_session_snapshots
2026-07-19T17:21:39 INFO brainkm.db.migrate Applying migration 005_session_activity
2026-07-19T17:21:39 INFO brainkm.db.migrate Applying migration 006_semantic_embeddings
2026-07-19T17:21:39 INFO brainkm.db.migrate Applying migration 007_nodal_edges
2026-07-19T17:21:40 INFO brainkm.db.migrate Applying migration 001_initial
2026-07-19T17:21:40 INFO brainkm.db.migrate Applying migration 002_temporal_lite
2026-07-19T17:21:40 INFO brainkm.db.migrate Applying migration 003_temporal_forgotten
2026-07-19T17:21:40 INFO brainkm.db.migrate Applying migration 004_session_snapshots
2026-07-19T17:21:40 INFO brainkm.db.migrate Applying migration 005_session_activity
2026-07-19T17:21:40 INFO brainkm.db.migrate Applying migration 006_semantic_embeddings
2026-07-19T17:21:40 INFO brainkm.db.migrate Applying migration 007_nodal_edges
2026-07-19T17:21:40 INFO brainkm.db.migrate Applying migration 001_initial
2026-07-19T17:21:40 INFO brainkm.db.migrate Applying migration 002_temporal_lite
2026-07-19T17:21:40 INFO brainkm.db.migrate Applying migration 003_temporal_forgotten
2026-07-19T17:21:40 INFO brainkm.db.migrate Applying migration 004_session_snapshots
2026-07-19T17:21:40 INFO brainkm.db.migrate Applying migration 005_session_activity
2026-07-19T17:21:40 INFO brainkm.db.migrate Applying migration 006_semantic_embeddings
2026-07-19T17:21:40 INFO brainkm.db.migrate Applying migration 007_nodal_edges
2026-07-19T17:21:40 INFO brainkm.db.migrate Applying migration 001_initial
2026-07-19T17:21:40 INFO brainkm.db.migrate Applying migration 002_temporal_lite
2026-07-19T17:21:40 INFO brainkm.db.migrate Applying migration 003_temporal_forgotten
2026-07-19T17:21:40 INFO brainkm.db.migrate Applying migration 004_session_snapshots
2026-07-19T17:21:40 INFO brainkm.db.migrate Applying migration 005_session_activity
2026-07-19T17:21:40 INFO brainkm.db.migrate Applying migration 006_semantic_embeddings
2026-07-19T17:21:40 INFO brainkm.db.migrate Applying migration 007_nodal_edges
2026-07-19T17:21:41 INFO brainkm.db.migrate Applying migration 001_initial
2026-07-19T17:21:41 INFO brainkm.db.migrate Applying migration 002_temporal_lite
2026-07-19T17:21:41 INFO brainkm.db.migrate Applying migration 003_temporal_forgotten
2026-07-19T17:21:41 INFO brainkm.db.migrate Applying migration 004_session_snapshots
2026-07-19T17:21:41 INFO brainkm.db.migrate Applying migration 005_session_activity
2026-07-19T17:21:41 INFO brainkm.db.migrate Applying migration 006_semantic_embeddings
2026-07-19T17:21:41 INFO brainkm.db.migrate Applying migration 007_nodal_edges
2026-07-19T17:21:41 INFO brainkm.db.migrate Applying migration 001_initial
2026-07-19T17:21:41 INFO brainkm.db.migrate Applying migration 002_temporal_lite
2026-07-19T17:21:41 INFO brainkm.db.migrate Applying migration 003_temporal_forgotten
2026-07-19T17:21:41 INFO brainkm.db.migrate Applying migration 004_session_snapshots
2026-07-19T17:21:41 INFO brainkm.db.migrate Applying migration 005_session_activity
2026-07-19T17:21:41 INFO brainkm.db.migrate Applying migration 006_semantic_embeddings
2026-07-19T17:21:41 INFO brainkm.db.migrate Applying migration 007_nodal_edges
2026-07-19T17:21:41 INFO brainkm.db.migrate Applying migration 001_initial
2026-07-19T17:21:41 INFO brainkm.db.migrate Applying migration 002_temporal_lite
2026-07-19T17:21:41 INFO brainkm.db.migrate Applying migration 003_temporal_forgotten
2026-07-19T17:21:41 INFO brainkm.db.migrate Applying migration 004_session_snapshots
2026-07-19T17:21:41 INFO brainkm.db.migrate Applying migration 005_session_activity
2026-07-19T17:21:41 INFO brainkm.db.migrate Applying migration 006_semantic_embeddings
2026-07-19T17:21:41 INFO brainkm.db.migrate Applying migration 007_nodal_edges
2026-07-19T17:21:41 INFO brainkm.db.migrate Applying migration 001_initial
2026-07-19T17:21:41 INFO brainkm.db.migrate Applying migration 002_temporal_lite
2026-07-19T17:21:41 INFO brainkm.db.migrate Applying migration 003_temporal_forgotten
2026-07-19T17:21:41 INFO brainkm.db.migrate Applying migration 004_session_snapshots
2026-07-19T17:21:41 INFO brainkm.db.migrate Applying migration 005_session_activity
2026-07-19T17:21:41 INFO brainkm.db.migrate Applying migration 006_semantic_embeddings
2026-07-19T17:21:41 INFO brainkm.db.migrate Applying migration 007_nodal_edges
2026-07-19T17:21:42 INFO brainkm.db.migrate Applying migration 001_initial
2026-07-19T17:21:42 INFO brainkm.db.migrate Applying migration 002_temporal_lite
2026-07-19T17:21:42 INFO brainkm.db.migrate Applying migration 003_temporal_forgotten
2026-07-19T17:21:42 INFO brainkm.db.migrate Applying migration 004_session_snapshots
2026-07-19T17:21:42 INFO brainkm.db.migrate Applying migration 005_session_activity
2026-07-19T17:21:42 INFO brainkm.db.migrate Applying migration 006_semantic_embeddings
2026-07-19T17:21:42 INFO brainkm.db.migrate Applying migration 007_nodal_edges
2026-07-19T17:21:42 INFO brainkm.db.migrate Applying migration 001_initial
2026-07-19T17:21:42 INFO brainkm.db.migrate Applying migration 002_temporal_lite
2026-07-19T17:21:42 INFO brainkm.db.migrate Applying migration 003_temporal_forgotten
2026-07-19T17:21:42 INFO brainkm.db.migrate Applying migration 004_session_snapshots
2026-07-19T17:21:42 INFO brainkm.db.migrate Applying migration 005_session_activity
2026-07-19T17:21:42 INFO brainkm.db.migrate Applying migration 006_semantic_embeddings
2026-07-19T17:21:42 INFO brainkm.db.migrate Applying migration 007_nodal_edges
2026-07-19T17:21:42 INFO brainkm.db.migrate Applying migration 001_initial
2026-07-19T17:21:42 INFO brainkm.db.migrate Applying migration 002_temporal_lite
2026-07-19T17:21:42 INFO brainkm.db.migrate Applying migration 003_temporal_forgotten
2026-07-19T17:21:42 INFO brainkm.db.migrate Applying migration 004_session_snapshots
2026-07-19T17:21:42 INFO brainkm.db.migrate Applying migration 005_session_activity
2026-07-19T17:21:42 INFO brainkm.db.migrate Applying migration 006_semantic_embeddings
2026-07-19T17:21:42 INFO brainkm.db.migrate Applying migration 007_nodal_edges
2026-07-19T17:21:42 INFO brainkm.db.migrate Applying migration 001_initial
2026-07-19T17:21:42 INFO brainkm.db.migrate Applying migration 002_temporal_lite
2026-07-19T17:21:42 INFO brainkm.db.migrate Applying migration 003_temporal_forgotten
2026-07-19T17:21:42 INFO brainkm.db.migrate Applying migration 004_session_snapshots
2026-07-19T17:21:42 INFO brainkm.db.migrate Applying migration 005_session_activity
2026-07-19T17:21:42 INFO brainkm.db.migrate Applying migration 006_semantic_embeddings
2026-07-19T17:21:42 INFO brainkm.db.migrate Applying migration 007_nodal_edges
2026-07-19T17:21:43 INFO brainkm.db.migrate Applying migration 001_initial
2026-07-19T17:21:43 INFO brainkm.db.migrate Applying migration 002_temporal_lite
2026-07-19T17:21:43 INFO brainkm.db.migrate Applying migration 003_temporal_forgotten
2026-07-19T17:21:43 INFO brainkm.db.migrate Applying migration 004_session_snapshots
2026-07-19T17:21:43 INFO brainkm.db.migrate Applying migration 005_session_activity
2026-07-19T17:21:43 INFO brainkm.db.migrate Applying migration 006_semantic_embeddings
2026-07-19T17:21:43 INFO brainkm.db.migrate Applying migration 007_nodal_edges
2026-07-19T17:21:43 INFO brainkm.db.migrate Applying migration 001_initial
2026-07-19T17:21:43 INFO brainkm.db.migrate Applying migration 002_temporal_lite
2026-07-19T17:21:43 INFO brainkm.db.migrate Applying migration 003_temporal_forgotten
2026-07-19T17:21:43 INFO brainkm.db.migrate Applying migration 004_session_snapshots
2026-07-19T17:21:43 INFO brainkm.db.migrate Applying migration 005_session_activity
2026-07-19T17:21:43 INFO brainkm.db.migrate Applying migration 006_semantic_embeddings
2026-07-19T17:21:43 INFO brainkm.db.migrate Applying migration 007_nodal_edges
2026-07-19T17:21:43 INFO brainkm.db.migrate Applying migration 001_initial
2026-07-19T17:21:43 INFO brainkm.db.migrate Applying migration 002_temporal_lite
2026-07-19T17:21:43 INFO brainkm.db.migrate Applying migration 003_temporal_forgotten
2026-07-19T17:21:43 INFO brainkm.db.migrate Applying migration 004_session_snapshots
2026-07-19T17:21:43 INFO brainkm.db.migrate Applying migration 005_session_activity
2026-07-19T17:21:43 INFO brainkm.db.migrate Applying migration 006_semantic_embeddings
2026-07-19T17:21:43 INFO brainkm.db.migrate Applying migration 007_nodal_edges
2026-07-19T17:21:43 INFO brainkm.db.migrate Applying migration 001_initial
2026-07-19T17:21:43 INFO brainkm.db.migrate Applying migration 002_temporal_lite
2026-07-19T17:21:43 INFO brainkm.db.migrate Applying migration 003_temporal_forgotten
2026-07-19T17:21:43 INFO brainkm.db.migrate Applying migration 004_session_snapshots
2026-07-19T17:21:43 INFO brainkm.db.migrate Applying migration 005_session_activity
2026-07-19T17:21:43 INFO brainkm.db.migrate Applying migration 006_semantic_embeddings
2026-07-19T17:21:43 INFO brainkm.db.migrate Applying migration 007_nodal_edges
2026-07-19T17:21:44 INFO brainkm.db.migrate Applying migration 001_initial
2026-07-19T17:21:44 INFO brainkm.db.migrate Applying migration 002_temporal_lite
2026-07-19T17:21:44 INFO brainkm.db.migrate Applying migration 003_temporal_forgotten
2026-07-19T17:21:44 INFO brainkm.db.migrate Applying migration 004_session_snapshots
2026-07-19T17:21:44 INFO brainkm.db.migrate Applying migration 005_session_activity
2026-07-19T17:21:44 INFO brainkm.db.migrate Applying migration 006_semantic_embeddings
2026-07-19T17:21:44 INFO brainkm.db.migrate Applying migration 007_nodal_edges
2026-07-19T17:21:44 INFO brainkm.db.migrate Applying migration 001_initial
2026-07-19T17:21:44 INFO brainkm.db.migrate Applying migration 002_temporal_lite
2026-07-19T17:21:44 INFO brainkm.db.migrate Applying migration 003_temporal_forgotten
2026-07-19T17:21:44 INFO brainkm.db.migrate Applying migration 004_session_snapshots
2026-07-19T17:21:44 INFO brainkm.db.migrate Applying migration 005_session_activity
2026-07-19T17:21:44 INFO brainkm.db.migrate Applying migration 006_semantic_embeddings
2026-07-19T17:21:44 INFO brainkm.db.migrate Applying migration 007_nodal_edges
2026-07-19T17:21:44 INFO brainkm.db.migrate Applying migration 001_initial
2026-07-19T17:21:44 INFO brainkm.db.migrate Applying migration 002_temporal_lite
2026-07-19T17:21:44 INFO brainkm.db.migrate Applying migration 003_temporal_forgotten
2026-07-19T17:21:44 INFO brainkm.db.migrate Applying migration 004_session_snapshots
2026-07-19T17:21:44 INFO brainkm.db.migrate Applying migration 005_session_activity
2026-07-19T17:21:44 INFO brainkm.db.migrate Applying migration 006_semantic_embeddings
2026-07-19T17:21:44 INFO brainkm.db.migrate Applying migration 007_nodal_edges
2026-07-19T17:21:44 INFO brainkm.db.migrate Applying migration 001_initial
2026-07-19T17:21:44 INFO brainkm.db.migrate Applying migration 002_temporal_lite
2026-07-19T17:21:44 INFO brainkm.db.migrate Applying migration 003_temporal_forgotten
2026-07-19T17:21:44 INFO brainkm.db.migrate Applying migration 004_session_snapshots
2026-07-19T17:21:44 INFO brainkm.db.migrate Applying migration 005_session_activity
2026-07-19T17:21:44 INFO brainkm.db.migrate Applying migration 006_semantic_embeddings
2026-07-19T17:21:44 INFO brainkm.db.migrate Applying migration 007_nodal_edges
2026-07-19T17:21:45 INFO brainkm.db.migrate Applying migration 001_initial
2026-07-19T17:21:45 INFO brainkm.db.migrate Applying migration 002_temporal_lite
2026-07-19T17:21:45 INFO brainkm.db.migrate Applying migration 003_temporal_forgotten
2026-07-19T17:21:45 INFO brainkm.db.migrate Applying migration 004_session_snapshots
2026-07-19T17:21:45 INFO brainkm.db.migrate Applying migration 005_session_activity
2026-07-19T17:21:45 INFO brainkm.db.migrate Applying migration 006_semantic_embeddings
2026-07-19T17:21:45 INFO brainkm.db.migrate Applying migration 007_nodal_edges
2026-07-19T17:21:45 INFO brainkm.db.migrate Applying migration 001_initial
2026-07-19T17:21:45 INFO brainkm.db.migrate Applying migration 002_temporal_lite
2026-07-19T17:21:45 INFO brainkm.db.migrate Applying migration 003_temporal_forgotten
2026-07-19T17:21:45 INFO brainkm.db.migrate Applying migration 004_session_snapshots
2026-07-19T17:21:45 INFO brainkm.db.migrate Applying migration 005_session_activity
2026-07-19T17:21:45 INFO brainkm.db.migrate Applying migration 006_semantic_embeddings
2026-07-19T17:21:45 INFO brainkm.db.migrate Applying migration 007_nodal_edges
2026-07-19T17:21:45 INFO brainkm.db.migrate Applying migration 001_initial
2026-07-19T17:21:45 INFO brainkm.db.migrate Applying migration 002_temporal_lite
2026-07-19T17:21:45 INFO brainkm.db.migrate Applying migration 003_temporal_forgotten
2026-07-19T17:21:45 INFO brainkm.db.migrate Applying migration 004_session_snapshots
2026-07-19T17:21:45 INFO brainkm.db.migrate Applying migration 005_session_activity
2026-07-19T17:21:45 INFO brainkm.db.migrate Applying migration 006_semantic_embeddings
2026-07-19T17:21:45 INFO brainkm.db.migrate Applying migration 007_nodal_edges
2026-07-19T17:21:45 INFO brainkm.db.migrate Applying migration 001_initial
2026-07-19T17:21:45 INFO brainkm.db.migrate Applying migration 002_temporal_lite
2026-07-19T17:21:45 INFO brainkm.db.migrate Applying migration 003_temporal_forgotten
2026-07-19T17:21:45 INFO brainkm.db.migrate Applying migration 004_session_snapshots
2026-07-19T17:21:45 INFO brainkm.db.migrate Applying migration 005_session_activity
2026-07-19T17:21:45 INFO brainkm.db.migrate Applying migration 006_semantic_embeddings
2026-07-19T17:21:45 INFO brainkm.db.migrate Applying migration 007_nodal_edges
2026-07-19T17:21:46 INFO brainkm.db.migrate Applying migration 001_initial
2026-07-19T17:21:46 INFO brainkm.db.migrate Applying migration 002_temporal_lite
2026-07-19T17:21:46 INFO brainkm.db.migrate Applying migration 003_temporal_forgotten
2026-07-19T17:21:46 INFO brainkm.db.migrate Applying migration 004_session_snapshots
2026-07-19T17:21:46 INFO brainkm.db.migrate Applying migration 005_session_activity
2026-07-19T17:21:46 INFO brainkm.db.migrate Applying migration 006_semantic_embeddings
2026-07-19T17:21:46 INFO brainkm.db.migrate Applying migration 007_nodal_edges
2026-07-19T17:21:46 INFO brainkm.db.migrate Applying migration 001_initial
2026-07-19T17:21:46 INFO brainkm.db.migrate Applying migration 002_temporal_lite
2026-07-19T17:21:46 INFO brainkm.db.migrate Applying migration 003_temporal_forgotten
2026-07-19T17:21:46 INFO brainkm.db.migrate Applying migration 004_session_snapshots
2026-07-19T17:21:46 INFO brainkm.db.migrate Applying migration 005_session_activity
2026-07-19T17:21:46 INFO brainkm.db.migrate Applying migration 006_semantic_embeddings
2026-07-19T17:21:46 INFO brainkm.db.migrate Applying migration 007_nodal_edges
2026-07-19T17:21:46 INFO brainkm.db.migrate Applying migration 001_initial
2026-07-19T17:21:46 INFO brainkm.db.migrate Applying migration 002_temporal_lite
2026-07-19T17:21:46 INFO brainkm.db.migrate Applying migration 003_temporal_forgotten
2026-07-19T17:21:46 INFO brainkm.db.migrate Applying migration 004_session_snapshots
2026-07-19T17:21:46 INFO brainkm.db.migrate Applying migration 005_session_activity
2026-07-19T17:21:46 INFO brainkm.db.migrate Applying migration 006_semantic_embeddings
2026-07-19T17:21:46 INFO brainkm.db.migrate Applying migration 007_nodal_edges
2026-07-19T17:21:46 INFO brainkm.db.migrate Applying migration 001_initial
2026-07-19T17:21:46 INFO brainkm.db.migrate Applying migration 002_temporal_lite
2026-07-19T17:21:46 INFO brainkm.db.migrate Applying migration 003_temporal_forgotten
2026-07-19T17:21:46 INFO brainkm.db.migrate Applying migration 004_session_snapshots
2026-07-19T17:21:46 INFO brainkm.db.migrate Applying migration 005_session_activity
2026-07-19T17:21:46 INFO brainkm.db.migrate Applying migration 006_semantic_embeddings
2026-07-19T17:21:46 INFO brainkm.db.migrate Applying migration 007_nodal_edges
2026-07-19T17:21:47 INFO brainkm.db.migrate Applying migration 001_initial
2026-07-19T17:21:47 INFO brainkm.db.migrate Applying migration 002_temporal_lite
2026-07-19T17:21:47 INFO brainkm.db.migrate Applying migration 003_temporal_forgotten
2026-07-19T17:21:47 INFO brainkm.db.migrate Applying migration 004_session_snapshots
2026-07-19T17:21:47 INFO brainkm.db.migrate Applying migration 005_session_activity
2026-07-19T17:21:47 INFO brainkm.db.migrate Applying migration 006_semantic_embeddings
2026-07-19T17:21:47 INFO brainkm.db.migrate Applying migration 007_nodal_edges
2026-07-19T17:21:47 INFO brainkm.db.migrate Applying migration 001_initial
2026-07-19T17:21:47 INFO brainkm.db.migrate Applying migration 002_temporal_lite
2026-07-19T17:21:47 INFO brainkm.db.migrate Applying migration 003_temporal_forgotten
2026-07-19T17:21:47 INFO brainkm.db.migrate Applying migration 004_session_snapshots
2026-07-19T17:21:47 INFO brainkm.db.migrate Applying migration 005_session_activity
2026-07-19T17:21:47 INFO brainkm.db.migrate Applying migration 006_semantic_embeddings
2026-07-19T17:21:47 INFO brainkm.db.migrate Applying migration 007_nodal_edges
2026-07-19T17:21:47 INFO brainkm.db.migrate Applying migration 001_initial
2026-07-19T17:21:47 INFO brainkm.db.migrate Applying migration 002_temporal_lite
2026-07-19T17:21:47 INFO brainkm.db.migrate Applying migration 003_temporal_forgotten
2026-07-19T17:21:47 INFO brainkm.db.migrate Applying migration 004_session_snapshots
2026-07-19T17:21:47 INFO brainkm.db.migrate Applying migration 005_session_activity
2026-07-19T17:21:47 INFO brainkm.db.migrate Applying migration 006_semantic_embeddings
2026-07-19T17:21:47 INFO brainkm.db.migrate Applying migration 007_nodal_edges
2026-07-19T17:21:47 INFO brainkm.db.migrate Applying migration 001_initial
2026-07-19T17:21:47 INFO brainkm.db.migrate Applying migration 002_temporal_lite
2026-07-19T17:21:47 INFO brainkm.db.migrate Applying migration 003_temporal_forgotten
2026-07-19T17:21:47 INFO brainkm.db.migrate Applying migration 004_session_snapshots
2026-07-19T17:21:47 INFO brainkm.db.migrate Applying migration 005_session_activity
2026-07-19T17:21:47 INFO brainkm.db.migrate Applying migration 006_semantic_embeddings
2026-07-19T17:21:47 INFO brainkm.db.migrate Applying migration 007_nodal_edges
2026-07-19T17:21:48 INFO brainkm.db.migrate Applying migration 001_initial
2026-07-19T17:21:48 INFO brainkm.db.migrate Applying migration 002_temporal_lite
2026-07-19T17:21:48 INFO brainkm.db.migrate Applying migration 003_temporal_forgotten
2026-07-19T17:21:48 INFO brainkm.db.migrate Applying migration 004_session_snapshots
2026-07-19T17:21:48 INFO brainkm.db.migrate Applying migration 005_session_activity
2026-07-19T17:21:48 INFO brainkm.db.migrate Applying migration 006_semantic_embeddings
2026-07-19T17:21:48 INFO brainkm.db.migrate Applying migration 007_nodal_edges
2026-07-19T17:21:48 INFO brainkm.db.migrate Applying migration 001_initial
2026-07-19T17:21:48 INFO brainkm.db.migrate Applying migration 002_temporal_lite
2026-07-19T17:21:48 INFO brainkm.db.migrate Applying migration 003_temporal_forgotten
2026-07-19T17:21:48 INFO brainkm.db.migrate Applying migration 004_session_snapshots
2026-07-19T17:21:48 INFO brainkm.db.migrate Applying migration 005_session_activity
2026-07-19T17:21:48 INFO brainkm.db.migrate Applying migration 006_semantic_embeddings
2026-07-19T17:21:48 INFO brainkm.db.migrate Applying migration 007_nodal_edges
2026-07-19T17:21:48 INFO brainkm.db.migrate Applying migration 001_initial
2026-07-19T17:21:48 INFO brainkm.db.migrate Applying migration 002_temporal_lite
2026-07-19T17:21:48 INFO brainkm.db.migrate Applying migration 003_temporal_forgotten
2026-07-19T17:21:48 INFO brainkm.db.migrate Applying migration 004_session_snapshots
2026-07-19T17:21:48 INFO brainkm.db.migrate Applying migration 005_session_activity
2026-07-19T17:21:48 INFO brainkm.db.migrate Applying migration 006_semantic_embeddings
2026-07-19T17:21:48 INFO brainkm.db.migrate Applying migration 007_nodal_edges
2026-07-19T17:21:48 INFO brainkm.db.migrate Applying migration 001_initial
2026-07-19T17:21:48 INFO brainkm.db.migrate Applying migration 002_temporal_lite
2026-07-19T17:21:48 INFO brainkm.db.migrate Applying migration 003_temporal_forgotten
2026-07-19T17:21:48 INFO brainkm.db.migrate Applying migration 004_session_snapshots
2026-07-19T17:21:48 INFO brainkm.db.migrate Applying migration 005_session_activity
2026-07-19T17:21:48 INFO brainkm.db.migrate Applying migration 006_semantic_embeddings
2026-07-19T17:21:48 INFO brainkm.db.migrate Applying migration 007_nodal_edges
2026-07-19T17:21:49 INFO brainkm.db.migrate Applying migration 001_initial
2026-07-19T17:21:49 INFO brainkm.db.migrate Applying migration 002_temporal_lite
2026-07-19T17:21:49 INFO brainkm.db.migrate Applying migration 003_temporal_forgotten
2026-07-19T17:21:49 INFO brainkm.db.migrate Applying migration 004_session_snapshots
2026-07-19T17:21:49 INFO brainkm.db.migrate Applying migration 005_session_activity
2026-07-19T17:21:49 INFO brainkm.db.migrate Applying migration 006_semantic_embeddings
2026-07-19T17:21:49 INFO brainkm.db.migrate Applying migration 007_nodal_edges
2026-07-19T17:21:49 INFO brainkm.db.migrate Applying migration 001_initial
2026-07-19T17:21:49 INFO brainkm.db.migrate Applying migration 002_temporal_lite
2026-07-19T17:21:49 INFO brainkm.db.migrate Applying migration 003_temporal_forgotten
2026-07-19T17:21:49 INFO brainkm.db.migrate Applying migration 004_session_snapshots
2026-07-19T17:21:49 INFO brainkm.db.migrate Applying migration 005_session_activity
2026-07-19T17:21:49 INFO brainkm.db.migrate Applying migration 006_semantic_embeddings
2026-07-19T17:21:49 INFO brainkm.db.migrate Applying migration 007_nodal_edges
2026-07-19T17:21:49 INFO brainkm.db.migrate Applying migration 001_initial
2026-07-19T17:21:49 INFO brainkm.db.migrate Applying migration 002_temporal_lite
2026-07-19T17:21:49 INFO brainkm.db.migrate Applying migration 003_temporal_forgotten
2026-07-19T17:21:49 INFO brainkm.db.migrate Applying migration 004_session_snapshots
2026-07-19T17:21:49 INFO brainkm.db.migrate Applying migration 005_session_activity
2026-07-19T17:21:49 INFO brainkm.db.migrate Applying migration 006_semantic_embeddings
2026-07-19T17:21:49 INFO brainkm.db.migrate Applying migration 007_nodal_edges
2026-07-19T17:21:49 INFO brainkm.db.migrate Applying migration 001_initial
2026-07-19T17:21:49 INFO brainkm.db.migrate Applying migration 002_temporal_lite
2026-07-19T17:21:49 INFO brainkm.db.migrate Applying migration 003_temporal_forgotten
2026-07-19T17:21:49 INFO brainkm.db.migrate Applying migration 004_session_snapshots
2026-07-19T17:21:49 INFO brainkm.db.migrate Applying migration 005_session_activity
2026-07-19T17:21:49 INFO brainkm.db.migrate Applying migration 006_semantic_embeddings
2026-07-19T17:21:49 INFO brainkm.db.migrate Applying migration 007_nodal_edges
2026-07-19T17:21:50 INFO brainkm.db.migrate Applying migration 001_initial
2026-07-19T17:21:50 INFO brainkm.db.migrate Applying migration 002_temporal_lite
2026-07-19T17:21:50 INFO brainkm.db.migrate Applying migration 003_temporal_forgotten
2026-07-19T17:21:50 INFO brainkm.db.migrate Applying migration 004_session_snapshots
2026-07-19T17:21:50 INFO brainkm.db.migrate Applying migration 005_session_activity
2026-07-19T17:21:50 INFO brainkm.db.migrate Applying migration 006_semantic_embeddings
2026-07-19T17:21:50 INFO brainkm.db.migrate Applying migration 007_nodal_edges
2026-07-19T17:21:50 INFO brainkm.db.migrate Applying migration 001_initial
2026-07-19T17:21:50 INFO brainkm.db.migrate Applying migration 002_temporal_lite
2026-07-19T17:21:50 INFO brainkm.db.migrate Applying migration 003_temporal_forgotten
2026-07-19T17:21:50 INFO brainkm.db.migrate Applying migration 004_session_snapshots
2026-07-19T17:21:50 INFO brainkm.db.migrate Applying migration 005_session_activity
2026-07-19T17:21:50 INFO brainkm.db.migrate Applying migration 006_semantic_embeddings
2026-07-19T17:21:50 INFO brainkm.db.migrate Applying migration 007_nodal_edges
2026-07-19T17:21:50 INFO brainkm.db.migrate Applying migration 001_initial
2026-07-19T17:21:50 INFO brainkm.db.migrate Applying migration 002_temporal_lite
2026-07-19T17:21:50 INFO brainkm.db.migrate Applying migration 003_temporal_forgotten
2026-07-19T17:21:50 INFO brainkm.db.migrate Applying migration 004_session_snapshots
2026-07-19T17:21:50 INFO brainkm.db.migrate Applying migration 005_session_activity
2026-07-19T17:21:50 INFO brainkm.db.migrate Applying migration 006_semantic_embeddings
2026-07-19T17:21:50 INFO brainkm.db.migrate Applying migration 007_nodal_edges
2026-07-19T17:21:50 INFO brainkm.db.migrate Applying migration 001_initial
2026-07-19T17:21:50 INFO brainkm.db.migrate Applying migration 002_temporal_lite
2026-07-19T17:21:50 INFO brainkm.db.migrate Applying migration 003_temporal_forgotten
2026-07-19T17:21:50 INFO brainkm.db.migrate Applying migration 004_session_snapshots
2026-07-19T17:21:50 INFO brainkm.db.migrate Applying migration 005_session_activity
2026-07-19T17:21:50 INFO brainkm.db.migrate Applying migration 006_semantic_embeddings
2026-07-19T17:21:50 INFO brainkm.db.migrate Applying migration 007_nodal_edges
2026-07-19T17:21:51 INFO brainkm.db.migrate Applying migration 001_initial
2026-07-19T17:21:51 INFO brainkm.db.migrate Applying migration 002_temporal_lite
2026-07-19T17:21:51 INFO brainkm.db.migrate Applying migration 003_temporal_forgotten
2026-07-19T17:21:51 INFO brainkm.db.migrate Applying migration 004_session_snapshots
2026-07-19T17:21:51 INFO brainkm.db.migrate Applying migration 005_session_activity
2026-07-19T17:21:51 INFO brainkm.db.migrate Applying migration 006_semantic_embeddings
2026-07-19T17:21:51 INFO brainkm.db.migrate Applying migration 007_nodal_edges
2026-07-19T17:21:51 INFO brainkm.db.migrate Applying migration 001_initial
2026-07-19T17:21:51 INFO brainkm.db.migrate Applying migration 002_temporal_lite
2026-07-19T17:21:51 INFO brainkm.db.migrate Applying migration 003_temporal_forgotten
2026-07-19T17:21:51 INFO brainkm.db.migrate Applying migration 004_session_snapshots
2026-07-19T17:21:51 INFO brainkm.db.migrate Applying migration 005_session_activity
2026-07-19T17:21:51 INFO brainkm.db.migrate Applying migration 006_semantic_embeddings
2026-07-19T17:21:51 INFO brainkm.db.migrate Applying migration 007_nodal_edges
2026-07-19T17:21:51 INFO brainkm.db.migrate Applying migration 001_initial
2026-07-19T17:21:51 INFO brainkm.db.migrate Applying migration 002_temporal_lite
2026-07-19T17:21:51 INFO brainkm.db.migrate Applying migration 003_temporal_forgotten
2026-07-19T17:21:51 INFO brainkm.db.migrate Applying migration 004_session_snapshots
2026-07-19T17:21:51 INFO brainkm.db.migrate Applying migration 005_session_activity
2026-07-19T17:21:51 INFO brainkm.db.migrate Applying migration 006_semantic_embeddings
2026-07-19T17:21:51 INFO brainkm.db.migrate Applying migration 007_nodal_edges
2026-07-19T17:21:51 INFO brainkm.db.migrate Applying migration 001_initial
2026-07-19T17:21:51 INFO brainkm.db.migrate Applying migration 002_temporal_lite
2026-07-19T17:21:51 INFO brainkm.db.migrate Applying migration 003_temporal_forgotten
2026-07-19T17:21:51 INFO brainkm.db.migrate Applying migration 004_session_snapshots
2026-07-19T17:21:51 INFO brainkm.db.migrate Applying migration 005_session_activity
2026-07-19T17:21:51 INFO brainkm.db.migrate Applying migration 006_semantic_embeddings
2026-07-19T17:21:51 INFO brainkm.db.migrate Applying migration 007_nodal_edges
2026-07-19T17:21:51 INFO brainkm.db.migrate Applying migration 001_initial
2026-07-19T17:21:51 INFO brainkm.db.migrate Applying migration 002_temporal_lite
2026-07-19T17:21:51 INFO brainkm.db.migrate Applying migration 003_temporal_forgotten
2026-07-19T17:21:51 INFO brainkm.db.migrate Applying migration 004_session_snapshots
2026-07-19T17:21:51 INFO brainkm.db.migrate Applying migration 005_session_activity
2026-07-19T17:21:51 INFO brainkm.db.migrate Applying migration 006_semantic_embeddings
2026-07-19T17:21:51 INFO brainkm.db.migrate Applying migration 007_nodal_edges
2026-07-19T17:21:52 INFO brainkm.db.migrate Applying migration 001_initial
2026-07-19T17:21:52 INFO brainkm.db.migrate Applying migration 002_temporal_lite
2026-07-19T17:21:52 INFO brainkm.db.migrate Applying migration 003_temporal_forgotten
2026-07-19T17:21:52 INFO brainkm.db.migrate Applying migration 004_session_snapshots
2026-07-19T17:21:52 INFO brainkm.db.migrate Applying migration 005_session_activity
2026-07-19T17:21:52 INFO brainkm.db.migrate Applying migration 006_semantic_embeddings
2026-07-19T17:21:52 INFO brainkm.db.migrate Applying migration 007_nodal_edges
2026-07-19T17:21:52 INFO brainkm.db.migrate Applying migration 001_initial
2026-07-19T17:21:52 INFO brainkm.db.migrate Applying migration 002_temporal_lite
2026-07-19T17:21:52 INFO brainkm.db.migrate Applying migration 003_temporal_forgotten
2026-07-19T17:21:52 INFO brainkm.db.migrate Applying migration 004_session_snapshots
2026-07-19T17:21:52 INFO brainkm.db.migrate Applying migration 005_session_activity
2026-07-19T17:21:52 INFO brainkm.db.migrate Applying migration 006_semantic_embeddings
2026-07-19T17:21:52 INFO brainkm.db.migrate Applying migration 007_nodal_edges
2026-07-19T17:21:52 INFO brainkm.db.migrate Applying migration 001_initial
2026-07-19T17:21:52 INFO brainkm.db.migrate Applying migration 002_temporal_lite
2026-07-19T17:21:52 INFO brainkm.db.migrate Applying migration 003_temporal_forgotten
2026-07-19T17:21:52 INFO brainkm.db.migrate Applying migration 004_session_snapshots
2026-07-19T17:21:52 INFO brainkm.db.migrate Applying migration 005_session_activity
2026-07-19T17:21:52 INFO brainkm.db.migrate Applying migration 006_semantic_embeddings
2026-07-19T17:21:52 INFO brainkm.db.migrate Applying migration 007_nodal_edges
2026-07-19T17:21:52 INFO brainkm.db.migrate Applying migration 001_initial
2026-07-19T17:21:52 INFO brainkm.db.migrate Applying migration 002_temporal_lite
2026-07-19T17:21:52 INFO brainkm.db.migrate Applying migration 003_temporal_forgotten
2026-07-19T17:21:52 INFO brainkm.db.migrate Applying migration 004_session_snapshots
2026-07-19T17:21:52 INFO brainkm.db.migrate Applying migration 005_session_activity
2026-07-19T17:21:52 INFO brainkm.db.migrate Applying migration 006_semantic_embeddings
2026-07-19T17:21:52 INFO brainkm.db.migrate Applying migration 007_nodal_edges
2026-07-19T17:21:53 INFO brainkm.db.migrate Applying migration 001_initial
2026-07-19T17:21:53 INFO brainkm.db.migrate Applying migration 002_temporal_lite
2026-07-19T17:21:53 INFO brainkm.db.migrate Applying migration 003_temporal_forgotten
2026-07-19T17:21:53 INFO brainkm.db.migrate Applying migration 004_session_snapshots
2026-07-19T17:21:53 INFO brainkm.db.migrate Applying migration 005_session_activity
2026-07-19T17:21:53 INFO brainkm.db.migrate Applying migration 006_semantic_embeddings
2026-07-19T17:21:53 INFO brainkm.db.migrate Applying migration 007_nodal_edges
2026-07-19T17:21:53 INFO brainkm.db.migrate Applying migration 001_initial
2026-07-19T17:21:53 INFO brainkm.db.migrate Applying migration 002_temporal_lite
2026-07-19T17:21:53 INFO brainkm.db.migrate Applying migration 003_temporal_forgotten
2026-07-19T17:21:53 INFO brainkm.db.migrate Applying migration 004_session_snapshots
2026-07-19T17:21:53 INFO brainkm.db.migrate Applying migration 005_session_activity
2026-07-19T17:21:53 INFO brainkm.db.migrate Applying migration 006_semantic_embeddings
2026-07-19T17:21:53 INFO brainkm.db.migrate Applying migration 007_nodal_edges
2026-07-19T17:21:53 INFO brainkm.db.migrate Applying migration 001_initial
2026-07-19T17:21:53 INFO brainkm.db.migrate Applying migration 002_temporal_lite
2026-07-19T17:21:53 INFO brainkm.db.migrate Applying migration 003_temporal_forgotten
2026-07-19T17:21:53 INFO brainkm.db.migrate Applying migration 004_session_snapshots
2026-07-19T17:21:53 INFO brainkm.db.migrate Applying migration 005_session_activity
2026-07-19T17:21:53 INFO brainkm.db.migrate Applying migration 006_semantic_embeddings
2026-07-19T17:21:53 INFO brainkm.db.migrate Applying migration 007_nodal_edges
2026-07-19T17:21:53 INFO brainkm.db.migrate Applying migration 001_initial
2026-07-19T17:21:53 INFO brainkm.db.migrate Applying migration 002_temporal_lite
2026-07-19T17:21:53 INFO brainkm.db.migrate Applying migration 003_temporal_forgotten
2026-07-19T17:21:53 INFO brainkm.db.migrate Applying migration 004_session_snapshots
2026-07-19T17:21:53 INFO brainkm.db.migrate Applying migration 005_session_activity
2026-07-19T17:21:53 INFO brainkm.db.migrate Applying migration 006_semantic_embeddings
2026-07-19T17:21:53 INFO brainkm.db.migrate Applying migration 007_nodal_edges
2026-07-19T17:21:54 INFO brainkm.db.migrate Applying migration 001_initial
2026-07-19T17:21:54 INFO brainkm.db.migrate Applying migration 002_temporal_lite
2026-07-19T17:21:54 INFO brainkm.db.migrate Applying migration 003_temporal_forgotten
2026-07-19T17:21:54 INFO brainkm.db.migrate Applying migration 004_session_snapshots
2026-07-19T17:21:54 INFO brainkm.db.migrate Applying migration 005_session_activity
2026-07-19T17:21:54 INFO brainkm.db.migrate Applying migration 006_semantic_embeddings
2026-07-19T17:21:54 INFO brainkm.db.migrate Applying migration 007_nodal_edges
2026-07-19T17:21:54 INFO brainkm.db.migrate Applying migration 001_initial
2026-07-19T17:21:54 INFO brainkm.db.migrate Applying migration 002_temporal_lite
2026-07-19T17:21:54 INFO brainkm.db.migrate Applying migration 003_temporal_forgotten
2026-07-19T17:21:54 INFO brainkm.db.migrate Applying migration 004_session_snapshots
2026-07-19T17:21:54 INFO brainkm.db.migrate Applying migration 005_session_activity
2026-07-19T17:21:54 INFO brainkm.db.migrate Applying migration 006_semantic_embeddings
2026-07-19T17:21:54 INFO brainkm.db.migrate Applying migration 007_nodal_edges
2026-07-19T17:21:54 INFO brainkm.db.migrate Applying migration 001_initial
2026-07-19T17:21:54 INFO brainkm.db.migrate Applying migration 002_temporal_lite
2026-07-19T17:21:54 INFO brainkm.db.migrate Applying migration 003_temporal_forgotten
2026-07-19T17:21:54 INFO brainkm.db.migrate Applying migration 004_session_snapshots
2026-07-19T17:21:54 INFO brainkm.db.migrate Applying migration 005_session_activity
2026-07-19T17:21:54 INFO brainkm.db.migrate Applying migration 006_semantic_embeddings
2026-07-19T17:21:54 INFO brainkm.db.migrate Applying migration 007_nodal_edges
2026-07-19T17:21:54 INFO brainkm.db.migrate Applying migration 001_initial
2026-07-19T17:21:54 INFO brainkm.db.migrate Applying migration 002_temporal_lite
2026-07-19T17:21:54 INFO brainkm.db.migrate Applying migration 003_temporal_forgotten
2026-07-19T17:21:54 INFO brainkm.db.migrate Applying migration 004_session_snapshots
2026-07-19T17:21:54 INFO brainkm.db.migrate Applying migration 005_session_activity
2026-07-19T17:21:54 INFO brainkm.db.migrate Applying migration 006_semantic_embeddings
2026-07-19T17:21:54 INFO brainkm.db.migrate Applying migration 007_nodal_edges
2026-07-19T17:21:55 INFO brainkm.db.migrate Applying migration 001_initial
2026-07-19T17:21:55 INFO brainkm.db.migrate Applying migration 002_temporal_lite
2026-07-19T17:21:55 INFO brainkm.db.migrate Applying migration 003_temporal_forgotten
2026-07-19T17:21:55 INFO brainkm.db.migrate Applying migration 004_session_snapshots
2026-07-19T17:21:55 INFO brainkm.db.migrate Applying migration 005_session_activity
2026-07-19T17:21:55 INFO brainkm.db.migrate Applying migration 006_semantic_embeddings
2026-07-19T17:21:55 INFO brainkm.db.migrate Applying migration 007_nodal_edges
2026-07-19T17:21:55 INFO brainkm.db.migrate Applying migration 001_initial
2026-07-19T17:21:55 INFO brainkm.db.migrate Applying migration 002_temporal_lite
2026-07-19T17:21:55 INFO brainkm.db.migrate Applying migration 003_temporal_forgotten
2026-07-19T17:21:55 INFO brainkm.db.migrate Applying migration 004_session_snapshots
2026-07-19T17:21:55 INFO brainkm.db.migrate Applying migration 005_session_activity
2026-07-19T17:21:55 INFO brainkm.db.migrate Applying migration 006_semantic_embeddings
2026-07-19T17:21:55 INFO brainkm.db.migrate Applying migration 007_nodal_edges
2026-07-19T17:21:55 INFO brainkm.db.migrate Applying migration 001_initial
2026-07-19T17:21:55 INFO brainkm.db.migrate Applying migration 002_temporal_lite
2026-07-19T17:21:55 INFO brainkm.db.migrate Applying migration 003_temporal_forgotten
2026-07-19T17:21:55 INFO brainkm.db.migrate Applying migration 004_session_snapshots
2026-07-19T17:21:55 INFO brainkm.db.migrate Applying migration 005_session_activity
2026-07-19T17:21:55 INFO brainkm.db.migrate Applying migration 006_semantic_embeddings
2026-07-19T17:21:55 INFO brainkm.db.migrate Applying migration 007_nodal_edges
2026-07-19T17:21:55 INFO brainkm.db.migrate Applying migration 001_initial
2026-07-19T17:21:55 INFO brainkm.db.migrate Applying migration 002_temporal_lite
2026-07-19T17:21:55 INFO brainkm.db.migrate Applying migration 003_temporal_forgotten
2026-07-19T17:21:55 INFO brainkm.db.migrate Applying migration 004_session_snapshots
2026-07-19T17:21:55 INFO brainkm.db.migrate Applying migration 005_session_activity
2026-07-19T17:21:55 INFO brainkm.db.migrate Applying migration 006_semantic_embeddings
2026-07-19T17:21:55 INFO brainkm.db.migrate Applying migration 007_nodal_edges
2026-07-19T17:21:56 INFO brainkm.db.migrate Applying migration 001_initial
2026-07-19T17:21:56 INFO brainkm.db.migrate Applying migration 002_temporal_lite
2026-07-19T17:21:56 INFO brainkm.db.migrate Applying migration 003_temporal_forgotten
2026-07-19T17:21:56 INFO brainkm.db.migrate Applying migration 004_session_snapshots
2026-07-19T17:21:56 INFO brainkm.db.migrate Applying migration 005_session_activity
2026-07-19T17:21:56 INFO brainkm.db.migrate Applying migration 006_semantic_embeddings
2026-07-19T17:21:56 INFO brainkm.db.migrate Applying migration 007_nodal_edges
2026-07-19T17:21:56 INFO brainkm.db.migrate Applying migration 001_initial
2026-07-19T17:21:56 INFO brainkm.db.migrate Applying migration 002_temporal_lite
2026-07-19T17:21:56 INFO brainkm.db.migrate Applying migration 003_temporal_forgotten
2026-07-19T17:21:56 INFO brainkm.db.migrate Applying migration 004_session_snapshots
2026-07-19T17:21:56 INFO brainkm.db.migrate Applying migration 005_session_activity
2026-07-19T17:21:56 INFO brainkm.db.migrate Applying migration 006_semantic_embeddings
2026-07-19T17:21:56 INFO brainkm.db.migrate Applying migration 007_nodal_edges
2026-07-19T17:21:56 INFO brainkm.db.migrate Applying migration 001_initial
2026-07-19T17:21:56 INFO brainkm.db.migrate Applying migration 002_temporal_lite
2026-07-19T17:21:56 INFO brainkm.db.migrate Applying migration 003_temporal_forgotten
2026-07-19T17:21:56 INFO brainkm.db.migrate Applying migration 004_session_snapshots
2026-07-19T17:21:56 INFO brainkm.db.migrate Applying migration 005_session_activity
2026-07-19T17:21:56 INFO brainkm.db.migrate Applying migration 006_semantic_embeddings
2026-07-19T17:21:56 INFO brainkm.db.migrate Applying migration 007_nodal_edges
2026-07-19T17:21:56 INFO brainkm.db.migrate Applying migration 001_initial
2026-07-19T17:21:56 INFO brainkm.db.migrate Applying migration 002_temporal_lite
2026-07-19T17:21:56 INFO brainkm.db.migrate Applying migration 003_temporal_forgotten
2026-07-19T17:21:56 INFO brainkm.db.migrate Applying migration 004_session_snapshots
2026-07-19T17:21:56 INFO brainkm.db.migrate Applying migration 005_session_activity
2026-07-19T17:21:56 INFO brainkm.db.migrate Applying migration 006_semantic_embeddings
2026-07-19T17:21:56 INFO brainkm.db.migrate Applying migration 007_nodal_edges
2026-07-19T17:21:57 INFO brainkm.db.migrate Applying migration 001_initial
2026-07-19T17:21:57 INFO brainkm.db.migrate Applying migration 002_temporal_lite
2026-07-19T17:21:57 INFO brainkm.db.migrate Applying migration 003_temporal_forgotten
2026-07-19T17:21:57 INFO brainkm.db.migrate Applying migration 004_session_snapshots
2026-07-19T17:21:57 INFO brainkm.db.migrate Applying migration 005_session_activity
2026-07-19T17:21:57 INFO brainkm.db.migrate Applying migration 006_semantic_embeddings
2026-07-19T17:21:57 INFO brainkm.db.migrate Applying migration 007_nodal_edges
2026-07-19T17:21:57 INFO brainkm.db.migrate Applying migration 001_initial
2026-07-19T17:21:57 INFO brainkm.db.migrate Applying migration 002_temporal_lite
2026-07-19T17:21:57 INFO brainkm.db.migrate Applying migration 003_temporal_forgotten
2026-07-19T17:21:57 INFO brainkm.db.migrate Applying migration 004_session_snapshots
2026-07-19T17:21:57 INFO brainkm.db.migrate Applying migration 005_session_activity
2026-07-19T17:21:57 INFO brainkm.db.migrate Applying migration 006_semantic_embeddings
2026-07-19T17:21:57 INFO brainkm.db.migrate Applying migration 007_nodal_edges
2026-07-19T17:21:57 INFO brainkm.db.migrate Applying migration 001_initial
2026-07-19T17:21:57 INFO brainkm.db.migrate Applying migration 002_temporal_lite
2026-07-19T17:21:57 INFO brainkm.db.migrate Applying migration 003_temporal_forgotten
2026-07-19T17:21:57 INFO brainkm.db.migrate Applying migration 004_session_snapshots
2026-07-19T17:21:57 INFO brainkm.db.migrate Applying migration 005_session_activity
2026-07-19T17:21:57 INFO brainkm.db.migrate Applying migration 006_semantic_embeddings
2026-07-19T17:21:57 INFO brainkm.db.migrate Applying migration 007_nodal_edges
2026-07-19T17:21:57 INFO brainkm.db.migrate Applying migration 001_initial
2026-07-19T17:21:57 INFO brainkm.db.migrate Applying migration 002_temporal_lite
2026-07-19T17:21:57 INFO brainkm.db.migrate Applying migration 003_temporal_forgotten
2026-07-19T17:21:57 INFO brainkm.db.migrate Applying migration 004_session_snapshots
2026-07-19T17:21:57 INFO brainkm.db.migrate Applying migration 005_session_activity
2026-07-19T17:21:57 INFO brainkm.db.migrate Applying migration 006_semantic_embeddings
2026-07-19T17:21:57 INFO brainkm.db.migrate Applying migration 007_nodal_edges
2026-07-19T17:21:58 INFO brainkm.db.migrate Applying migration 001_initial
2026-07-19T17:21:58 INFO brainkm.db.migrate Applying migration 002_temporal_lite
2026-07-19T17:21:58 INFO brainkm.db.migrate Applying migration 003_temporal_forgotten
2026-07-19T17:21:58 INFO brainkm.db.migrate Applying migration 004_session_snapshots
2026-07-19T17:21:58 INFO brainkm.db.migrate Applying migration 005_session_activity
2026-07-19T17:21:58 INFO brainkm.db.migrate Applying migration 006_semantic_embeddings
2026-07-19T17:21:58 INFO brainkm.db.migrate Applying migration 007_nodal_edges
2026-07-19T17:21:58 INFO brainkm.db.migrate Applying migration 001_initial
2026-07-19T17:21:58 INFO brainkm.db.migrate Applying migration 002_temporal_lite
2026-07-19T17:21:58 INFO brainkm.db.migrate Applying migration 003_temporal_forgotten
2026-07-19T17:21:58 INFO brainkm.db.migrate Applying migration 004_session_snapshots
2026-07-19T17:21:58 INFO brainkm.db.migrate Applying migration 005_session_activity
2026-07-19T17:21:58 INFO brainkm.db.migrate Applying migration 006_semantic_embeddings
2026-07-19T17:21:58 INFO brainkm.db.migrate Applying migration 007_nodal_edges
2026-07-19T17:21:58 INFO brainkm.db.migrate Applying migration 001_initial
2026-07-19T17:21:58 INFO brainkm.db.migrate Applying migration 002_temporal_lite
2026-07-19T17:21:58 INFO brainkm.db.migrate Applying migration 003_temporal_forgotten
2026-07-19T17:21:58 INFO brainkm.db.migrate Applying migration 004_session_snapshots
2026-07-19T17:21:58 INFO brainkm.db.migrate Applying migration 005_session_activity
2026-07-19T17:21:58 INFO brainkm.db.migrate Applying migration 006_semantic_embeddings
2026-07-19T17:21:58 INFO brainkm.db.migrate Applying migration 007_nodal_edges
2026-07-19T17:21:58 INFO brainkm.db.migrate Applying migration 001_initial
2026-07-19T17:21:58 INFO brainkm.db.migrate Applying migration 002_temporal_lite
2026-07-19T17:21:58 INFO brainkm.db.migrate Applying migration 003_temporal_forgotten
2026-07-19T17:21:58 INFO brainkm.db.migrate Applying migration 004_session_snapshots
2026-07-19T17:21:58 INFO brainkm.db.migrate Applying migration 005_session_activity
2026-07-19T17:21:58 INFO brainkm.db.migrate Applying migration 006_semantic_embeddings
2026-07-19T17:21:58 INFO brainkm.db.migrate Applying migration 007_nodal_edges
2026-07-19T17:21:59 INFO brainkm.db.migrate Applying migration 001_initial
2026-07-19T17:21:59 INFO brainkm.db.migrate Applying migration 002_temporal_lite
2026-07-19T17:21:59 INFO brainkm.db.migrate Applying migration 003_temporal_forgotten
2026-07-19T17:21:59 INFO brainkm.db.migrate Applying migration 004_session_snapshots
2026-07-19T17:21:59 INFO brainkm.db.migrate Applying migration 005_session_activity
2026-07-19T17:21:59 INFO brainkm.db.migrate Applying migration 006_semantic_embeddings
2026-07-19T17:21:59 INFO brainkm.db.migrate Applying migration 007_nodal_edges
2026-07-19T17:21:59 INFO brainkm.db.migrate Applying migration 001_initial
2026-07-19T17:21:59 INFO brainkm.db.migrate Applying migration 002_temporal_lite
2026-07-19T17:21:59 INFO brainkm.db.migrate Applying migration 003_temporal_forgotten
2026-07-19T17:21:59 INFO brainkm.db.migrate Applying migration 004_session_snapshots
2026-07-19T17:21:59 INFO brainkm.db.migrate Applying migration 005_session_activity
2026-07-19T17:21:59 INFO brainkm.db.migrate Applying migration 006_semantic_embeddings
2026-07-19T17:21:59 INFO brainkm.db.migrate Applying migration 007_nodal_edges
2026-07-19T17:21:59 INFO brainkm.db.migrate Applying migration 001_initial
2026-07-19T17:21:59 INFO brainkm.db.migrate Applying migration 002_temporal_lite
2026-07-19T17:21:59 INFO brainkm.db.migrate Applying migration 003_temporal_forgotten
2026-07-19T17:21:59 INFO brainkm.db.migrate Applying migration 004_session_snapshots
2026-07-19T17:21:59 INFO brainkm.db.migrate Applying migration 005_session_activity
2026-07-19T17:21:59 INFO brainkm.db.migrate Applying migration 006_semantic_embeddings
2026-07-19T17:21:59 INFO brainkm.db.migrate Applying migration 007_nodal_edges
2026-07-19T17:21:59 INFO brainkm.db.migrate Applying migration 001_initial
2026-07-19T17:21:59 INFO brainkm.db.migrate Applying migration 002_temporal_lite
2026-07-19T17:21:59 INFO brainkm.db.migrate Applying migration 003_temporal_forgotten
2026-07-19T17:21:59 INFO brainkm.db.migrate Applying migration 004_session_snapshots
2026-07-19T17:21:59 INFO brainkm.db.migrate Applying migration 005_session_activity
2026-07-19T17:21:59 INFO brainkm.db.migrate Applying migration 006_semantic_embeddings
2026-07-19T17:21:59 INFO brainkm.db.migrate Applying migration 007_nodal_edges
2026-07-19T17:22:00 INFO brainkm.db.migrate Applying migration 001_initial
2026-07-19T17:22:00 INFO brainkm.db.migrate Applying migration 002_temporal_lite
2026-07-19T17:22:00 INFO brainkm.db.migrate Applying migration 003_temporal_forgotten
2026-07-19T17:22:00 INFO brainkm.db.migrate Applying migration 004_session_snapshots
2026-07-19T17:22:00 INFO brainkm.db.migrate Applying migration 005_session_activity
2026-07-19T17:22:00 INFO brainkm.db.migrate Applying migration 006_semantic_embeddings
2026-07-19T17:22:00 INFO brainkm.db.migrate Applying migration 007_nodal_edges
2026-07-19T17:22:00 INFO brainkm.db.migrate Applying migration 001_initial
2026-07-19T17:22:00 INFO brainkm.db.migrate Applying migration 002_temporal_lite
2026-07-19T17:22:00 INFO brainkm.db.migrate Applying migration 003_temporal_forgotten
2026-07-19T17:22:00 INFO brainkm.db.migrate Applying migration 004_session_snapshots
2026-07-19T17:22:00 INFO brainkm.db.migrate Applying migration 005_session_activity
2026-07-19T17:22:00 INFO brainkm.db.migrate Applying migration 006_semantic_embeddings
2026-07-19T17:22:00 INFO brainkm.db.migrate Applying migration 007_nodal_edges
2026-07-19T17:22:00 INFO brainkm.db.migrate Applying migration 001_initial
2026-07-19T17:22:00 INFO brainkm.db.migrate Applying migration 002_temporal_lite
2026-07-19T17:22:00 INFO brainkm.db.migrate Applying migration 003_temporal_forgotten
2026-07-19T17:22:00 INFO brainkm.db.migrate Applying migration 004_session_snapshots
2026-07-19T17:22:00 INFO brainkm.db.migrate Applying migration 005_session_activity
2026-07-19T17:22:00 INFO brainkm.db.migrate Applying migration 006_semantic_embeddings
2026-07-19T17:22:00 INFO brainkm.db.migrate Applying migration 007_nodal_edges
2026-07-19T17:22:01 INFO brainkm.db.migrate Applying migration 001_initial
2026-07-19T17:22:01 INFO brainkm.db.migrate Applying migration 002_temporal_lite
2026-07-19T17:22:01 INFO brainkm.db.migrate Applying migration 003_temporal_forgotten
2026-07-19T17:22:01 INFO brainkm.db.migrate Applying migration 004_session_snapshots
2026-07-19T17:22:01 INFO brainkm.db.migrate Applying migration 005_session_activity
2026-07-19T17:22:01 INFO brainkm.db.migrate Applying migration 006_semantic_embeddings
2026-07-19T17:22:01 INFO brainkm.db.migrate Applying migration 007_nodal_edges
2026-07-19T17:22:01 INFO brainkm.db.migrate Applying migration 001_initial
2026-07-19T17:22:01 INFO brainkm.db.migrate Applying migration 002_temporal_lite
2026-07-19T17:22:01 INFO brainkm.db.migrate Applying migration 003_temporal_forgotten
2026-07-19T17:22:01 INFO brainkm.db.migrate Applying migration 004_session_snapshots
2026-07-19T17:22:01 INFO brainkm.db.migrate Applying migration 005_session_activity
2026-07-19T17:22:01 INFO brainkm.db.migrate Applying migration 006_semantic_embeddings
2026-07-19T17:22:01 INFO brainkm.db.migrate Applying migration 007_nodal_edges
2026-07-19T17:22:01 INFO brainkm.db.migrate Applying migration 001_initial
2026-07-19T17:22:01 INFO brainkm.db.migrate Applying migration 002_temporal_lite
2026-07-19T17:22:01 INFO brainkm.db.migrate Applying migration 003_temporal_forgotten
2026-07-19T17:22:01 INFO brainkm.db.migrate Applying migration 004_session_snapshots
2026-07-19T17:22:01 INFO brainkm.db.migrate Applying migration 005_session_activity
2026-07-19T17:22:01 INFO brainkm.db.migrate Applying migration 006_semantic_embeddings
2026-07-19T17:22:01 INFO brainkm.db.migrate Applying migration 007_nodal_edges
2026-07-19T17:22:02 INFO brainkm.db.migrate Applying migration 001_initial
2026-07-19T17:22:02 INFO brainkm.db.migrate Applying migration 002_temporal_lite
2026-07-19T17:22:02 INFO brainkm.db.migrate Applying migration 003_temporal_forgotten
2026-07-19T17:22:02 INFO brainkm.db.migrate Applying migration 004_session_snapshots
2026-07-19T17:22:02 INFO brainkm.db.migrate Applying migration 005_session_activity
2026-07-19T17:22:02 INFO brainkm.db.migrate Applying migration 006_semantic_embeddings
2026-07-19T17:22:02 INFO brainkm.db.migrate Applying migration 007_nodal_edges
2026-07-19T17:22:02 INFO brainkm.db.migrate Applying migration 001_initial
2026-07-19T17:22:02 INFO brainkm.db.migrate Applying migration 002_temporal_lite
2026-07-19T17:22:02 INFO brainkm.db.migrate Applying migration 003_temporal_forgotten
2026-07-19T17:22:02 INFO brainkm.db.migrate Applying migration 004_session_snapshots
2026-07-19T17:22:02 INFO brainkm.db.migrate Applying migration 005_session_activity
2026-07-19T17:22:02 INFO brainkm.db.migrate Applying migration 006_semantic_embeddings
2026-07-19T17:22:02 INFO brainkm.db.migrate Applying migration 007_nodal_edges
2026-07-19T17:22:02 INFO brainkm.db.migrate Applying migration 001_initial
2026-07-19T17:22:02 INFO brainkm.db.migrate Applying migration 002_temporal_lite
2026-07-19T17:22:02 INFO brainkm.db.migrate Applying migration 003_temporal_forgotten
2026-07-19T17:22:02 INFO brainkm.db.migrate Applying migration 004_session_snapshots
2026-07-19T17:22:02 INFO brainkm.db.migrate Applying migration 005_session_activity
2026-07-19T17:22:02 INFO brainkm.db.migrate Applying migration 006_semantic_embeddings
2026-07-19T17:22:02 INFO brainkm.db.migrate Applying migration 007_nodal_edges
2026-07-19T17:22:02 INFO brainkm.db.migrate Applying migration 001_initial
2026-07-19T17:22:02 INFO brainkm.db.migrate Applying migration 002_temporal_lite
2026-07-19T17:22:02 INFO brainkm.db.migrate Applying migration 003_temporal_forgotten
2026-07-19T17:22:02 INFO brainkm.db.migrate Applying migration 004_session_snapshots
2026-07-19T17:22:02 INFO brainkm.db.migrate Applying migration 005_session_activity
2026-07-19T17:22:02 INFO brainkm.db.migrate Applying migration 006_semantic_embeddings
2026-07-19T17:22:02 INFO brainkm.db.migrate Applying migration 007_nodal_edges
2026-07-19T17:22:03 INFO brainkm.db.migrate Applying migration 001_initial
2026-07-19T17:22:03 INFO brainkm.db.migrate Applying migration 002_temporal_lite
2026-07-19T17:22:03 INFO brainkm.db.migrate Applying migration 003_temporal_forgotten
2026-07-19T17:22:03 INFO brainkm.db.migrate Applying migration 004_session_snapshots
2026-07-19T17:22:03 INFO brainkm.db.migrate Applying migration 005_session_activity
2026-07-19T17:22:03 INFO brainkm.db.migrate Applying migration 006_semantic_embeddings
2026-07-19T17:22:03 INFO brainkm.db.migrate Applying migration 007_nodal_edges
2026-07-19T17:22:03 INFO brainkm.db.migrate Applying migration 001_initial
2026-07-19T17:22:03 INFO brainkm.db.migrate Applying migration 002_temporal_lite
2026-07-19T17:22:03 INFO brainkm.db.migrate Applying migration 003_temporal_forgotten
2026-07-19T17:22:03 INFO brainkm.db.migrate Applying migration 004_session_snapshots
2026-07-19T17:22:03 INFO brainkm.db.migrate Applying migration 005_session_activity
2026-07-19T17:22:03 INFO brainkm.db.migrate Applying migration 006_semantic_embeddings
2026-07-19T17:22:03 INFO brainkm.db.migrate Applying migration 007_nodal_edges
2026-07-19T17:22:03 INFO brainkm.db.migrate Applying migration 001_initial
2026-07-19T17:22:03 INFO brainkm.db.migrate Applying migration 002_temporal_lite
2026-07-19T17:22:03 INFO brainkm.db.migrate Applying migration 003_temporal_forgotten
2026-07-19T17:22:03 INFO brainkm.db.migrate Applying migration 004_session_snapshots
2026-07-19T17:22:03 INFO brainkm.db.migrate Applying migration 005_session_activity
2026-07-19T17:22:03 INFO brainkm.db.migrate Applying migration 006_semantic_embeddings
2026-07-19T17:22:03 INFO brainkm.db.migrate Applying migration 007_nodal_edges
2026-07-19T17:22:04 INFO brainkm.db.migrate Applying migration 001_initial
2026-07-19T17:22:04 INFO brainkm.db.migrate Applying migration 002_temporal_lite
2026-07-19T17:22:04 INFO brainkm.db.migrate Applying migration 003_temporal_forgotten
2026-07-19T17:22:04 INFO brainkm.db.migrate Applying migration 004_session_snapshots
2026-07-19T17:22:04 INFO brainkm.db.migrate Applying migration 005_session_activity
2026-07-19T17:22:04 INFO brainkm.db.migrate Applying migration 006_semantic_embeddings
2026-07-19T17:22:04 INFO brainkm.db.migrate Applying migration 007_nodal_edges
2026-07-19T17:22:04 INFO brainkm.db.migrate Applying migration 001_initial
2026-07-19T17:22:04 INFO brainkm.db.migrate Applying migration 002_temporal_lite
2026-07-19T17:22:04 INFO brainkm.db.migrate Applying migration 003_temporal_forgotten
2026-07-19T17:22:04 INFO brainkm.db.migrate Applying migration 004_session_snapshots
2026-07-19T17:22:04 INFO brainkm.db.migrate Applying migration 005_session_activity
2026-07-19T17:22:04 INFO brainkm.db.migrate Applying migration 006_semantic_embeddings
2026-07-19T17:22:04 INFO brainkm.db.migrate Applying migration 007_nodal_edges
2026-07-19T17:22:04 INFO brainkm.db.migrate Applying migration 001_initial
2026-07-19T17:22:04 INFO brainkm.db.migrate Applying migration 002_temporal_lite
2026-07-19T17:22:04 INFO brainkm.db.migrate Applying migration 003_temporal_forgotten
2026-07-19T17:22:04 INFO brainkm.db.migrate Applying migration 004_session_snapshots
2026-07-19T17:22:04 INFO brainkm.db.migrate Applying migration 005_session_activity
2026-07-19T17:22:04 INFO brainkm.db.migrate Applying migration 006_semantic_embeddings
2026-07-19T17:22:04 INFO brainkm.db.migrate Applying migration 007_nodal_edges
2026-07-19T17:22:04 INFO brainkm.db.migrate Applying migration 001_initial
2026-07-19T17:22:04 INFO brainkm.db.migrate Applying migration 002_temporal_lite
2026-07-19T17:22:04 INFO brainkm.db.migrate Applying migration 003_temporal_forgotten
2026-07-19T17:22:04 INFO brainkm.db.migrate Applying migration 004_session_snapshots
2026-07-19T17:22:04 INFO brainkm.db.migrate Applying migration 005_session_activity
2026-07-19T17:22:04 INFO brainkm.db.migrate Applying migration 006_semantic_embeddings
2026-07-19T17:22:04 INFO brainkm.db.migrate Applying migration 007_nodal_edges
2026-07-19T17:22:05 INFO brainkm.db.migrate Applying migration 001_initial
2026-07-19T17:22:05 INFO brainkm.db.migrate Applying migration 002_temporal_lite
2026-07-19T17:22:05 INFO brainkm.db.migrate Applying migration 003_temporal_forgotten
2026-07-19T17:22:05 INFO brainkm.db.migrate Applying migration 004_session_snapshots
2026-07-19T17:22:05 INFO brainkm.db.migrate Applying migration 005_session_activity
2026-07-19T17:22:05 INFO brainkm.db.migrate Applying migration 006_semantic_embeddings
2026-07-19T17:22:05 INFO brainkm.db.migrate Applying migration 007_nodal_edges
2026-07-19T17:22:05 INFO brainkm.db.migrate Applying migration 001_initial
2026-07-19T17:22:05 INFO brainkm.db.migrate Applying migration 002_temporal_lite
2026-07-19T17:22:05 INFO brainkm.db.migrate Applying migration 003_temporal_forgotten
2026-07-19T17:22:05 INFO brainkm.db.migrate Applying migration 004_session_snapshots
2026-07-19T17:22:05 INFO brainkm.db.migrate Applying migration 005_session_activity
2026-07-19T17:22:05 INFO brainkm.db.migrate Applying migration 006_semantic_embeddings
2026-07-19T17:22:05 INFO brainkm.db.migrate Applying migration 007_nodal_edges
2026-07-19T17:22:05 INFO brainkm.db.migrate Applying migration 001_initial
2026-07-19T17:22:05 INFO brainkm.db.migrate Applying migration 002_temporal_lite
2026-07-19T17:22:05 INFO brainkm.db.migrate Applying migration 003_temporal_forgotten
2026-07-19T17:22:05 INFO brainkm.db.migrate Applying migration 004_session_snapshots
2026-07-19T17:22:05 INFO brainkm.db.migrate Applying migration 005_session_activity
2026-07-19T17:22:05 INFO brainkm.db.migrate Applying migration 006_semantic_embeddings
2026-07-19T17:22:05 INFO brainkm.db.migrate Applying migration 007_nodal_edges
2026-07-19T17:22:05 INFO brainkm.db.migrate Applying migration 001_initial
2026-07-19T17:22:05 INFO brainkm.db.migrate Applying migration 002_temporal_lite
2026-07-19T17:22:05 INFO brainkm.db.migrate Applying migration 003_temporal_forgotten
2026-07-19T17:22:05 INFO brainkm.db.migrate Applying migration 004_session_snapshots
2026-07-19T17:22:05 INFO brainkm.db.migrate Applying migration 005_session_activity
2026-07-19T17:22:05 INFO brainkm.db.migrate Applying migration 006_semantic_embeddings
2026-07-19T17:22:05 INFO brainkm.db.migrate Applying migration 007_nodal_edges
2026-07-19T17:22:06 INFO brainkm.db.migrate Applying migration 001_initial
2026-07-19T17:22:06 INFO brainkm.db.migrate Applying migration 002_temporal_lite
2026-07-19T17:22:06 INFO brainkm.db.migrate Applying migration 003_temporal_forgotten
2026-07-19T17:22:06 INFO brainkm.db.migrate Applying migration 004_session_snapshots
2026-07-19T17:22:06 INFO brainkm.db.migrate Applying migration 005_session_activity
2026-07-19T17:22:06 INFO brainkm.db.migrate Applying migration 006_semantic_embeddings
2026-07-19T17:22:06 INFO brainkm.db.migrate Applying migration 007_nodal_edges
2026-07-19T17:22:06 INFO brainkm.db.migrate Applying migration 001_initial
2026-07-19T17:22:06 INFO brainkm.db.migrate Applying migration 002_temporal_lite
2026-07-19T17:22:06 INFO brainkm.db.migrate Applying migration 003_temporal_forgotten
2026-07-19T17:22:06 INFO brainkm.db.migrate Applying migration 004_session_snapshots
2026-07-19T17:22:06 INFO brainkm.db.migrate Applying migration 005_session_activity
2026-07-19T17:22:06 INFO brainkm.db.migrate Applying migration 006_semantic_embeddings
2026-07-19T17:22:06 INFO brainkm.db.migrate Applying migration 007_nodal_edges
2026-07-19T17:22:06 INFO brainkm.db.migrate Applying migration 001_initial
2026-07-19T17:22:06 INFO brainkm.db.migrate Applying migration 002_temporal_lite
2026-07-19T17:22:06 INFO brainkm.db.migrate Applying migration 003_temporal_forgotten
2026-07-19T17:22:06 INFO brainkm.db.migrate Applying migration 004_session_snapshots
2026-07-19T17:22:06 INFO brainkm.db.migrate Applying migration 005_session_activity
2026-07-19T17:22:06 INFO brainkm.db.migrate Applying migration 006_semantic_embeddings
2026-07-19T17:22:06 INFO brainkm.db.migrate Applying migration 007_nodal_edges
2026-07-19T17:22:07 INFO brainkm.db.migrate Applying migration 001_initial
2026-07-19T17:22:07 INFO brainkm.db.migrate Applying migration 002_temporal_lite
2026-07-19T17:22:07 INFO brainkm.db.migrate Applying migration 003_temporal_forgotten
2026-07-19T17:22:07 INFO brainkm.db.migrate Applying migration 004_session_snapshots
2026-07-19T17:22:07 INFO brainkm.db.migrate Applying migration 005_session_activity
2026-07-19T17:22:07 INFO brainkm.db.migrate Applying migration 006_semantic_embeddings
2026-07-19T17:22:07 INFO brainkm.db.migrate Applying migration 007_nodal_edges
2026-07-19T17:22:07 INFO brainkm.db.migrate Applying migration 001_initial
2026-07-19T17:22:07 INFO brainkm.db.migrate Applying migration 002_temporal_lite
2026-07-19T17:22:07 INFO brainkm.db.migrate Applying migration 003_temporal_forgotten
2026-07-19T17:22:07 INFO brainkm.db.migrate Applying migration 004_session_snapshots
2026-07-19T17:22:07 INFO brainkm.db.migrate Applying migration 005_session_activity
2026-07-19T17:22:07 INFO brainkm.db.migrate Applying migration 006_semantic_embeddings
2026-07-19T17:22:07 INFO brainkm.db.migrate Applying migration 007_nodal_edges
2026-07-19T17:22:07 INFO brainkm.db.migrate Applying migration 001_initial
2026-07-19T17:22:07 INFO brainkm.db.migrate Applying migration 002_temporal_lite
2026-07-19T17:22:07 INFO brainkm.db.migrate Applying migration 003_temporal_forgotten
2026-07-19T17:22:07 INFO brainkm.db.migrate Applying migration 004_session_snapshots
2026-07-19T17:22:07 INFO brainkm.db.migrate Applying migration 005_session_activity
2026-07-19T17:22:07 INFO brainkm.db.migrate Applying migration 006_semantic_embeddings
2026-07-19T17:22:07 INFO brainkm.db.migrate Applying migration 007_nodal_edges
2026-07-19T17:22:07 INFO brainkm.db.migrate Applying migration 001_initial
2026-07-19T17:22:07 INFO brainkm.db.migrate Applying migration 002_temporal_lite
2026-07-19T17:22:07 INFO brainkm.db.migrate Applying migration 003_temporal_forgotten
2026-07-19T17:22:07 INFO brainkm.db.migrate Applying migration 004_session_snapshots
2026-07-19T17:22:07 INFO brainkm.db.migrate Applying migration 005_session_activity
2026-07-19T17:22:07 INFO brainkm.db.migrate Applying migration 006_semantic_embeddings
2026-07-19T17:22:07 INFO brainkm.db.migrate Applying migration 007_nodal_edges
2026-07-19T17:22:08 INFO brainkm.db.migrate Applying migration 001_initial
2026-07-19T17:22:08 INFO brainkm.db.migrate Applying migration 002_temporal_lite
2026-07-19T17:22:08 INFO brainkm.db.migrate Applying migration 003_temporal_forgotten
2026-07-19T17:22:08 INFO brainkm.db.migrate Applying migration 004_session_snapshots
2026-07-19T17:22:08 INFO brainkm.db.migrate Applying migration 005_session_activity
2026-07-19T17:22:08 INFO brainkm.db.migrate Applying migration 006_semantic_embeddings
2026-07-19T17:22:08 INFO brainkm.db.migrate Applying migration 007_nodal_edges
2026-07-19T17:22:08 INFO brainkm.db.migrate Applying migration 001_initial
2026-07-19T17:22:08 INFO brainkm.db.migrate Applying migration 002_temporal_lite
2026-07-19T17:22:08 INFO brainkm.db.migrate Applying migration 003_temporal_forgotten
2026-07-19T17:22:08 INFO brainkm.db.migrate Applying migration 004_session_snapshots
2026-07-19T17:22:08 INFO brainkm.db.migrate Applying migration 005_session_activity
2026-07-19T17:22:08 INFO brainkm.db.migrate Applying migration 006_semantic_embeddings
2026-07-19T17:22:08 INFO brainkm.db.migrate Applying migration 007_nodal_edges
2026-07-19T17:22:08 INFO brainkm.db.migrate Applying migration 001_initial
2026-07-19T17:22:08 INFO brainkm.db.migrate Applying migration 002_temporal_lite
2026-07-19T17:22:08 INFO brainkm.db.migrate Applying migration 003_temporal_forgotten
2026-07-19T17:22:08 INFO brainkm.db.migrate Applying migration 004_session_snapshots
2026-07-19T17:22:08 INFO brainkm.db.migrate Applying migration 005_session_activity
2026-07-19T17:22:08 INFO brainkm.db.migrate Applying migration 006_semantic_embeddings
2026-07-19T17:22:08 INFO brainkm.db.migrate Applying migration 007_nodal_edges
2026-07-19T17:22:08 INFO brainkm.db.migrate Applying migration 001_initial
2026-07-19T17:22:08 INFO brainkm.db.migrate Applying migration 002_temporal_lite
2026-07-19T17:22:08 INFO brainkm.db.migrate Applying migration 003_temporal_forgotten
2026-07-19T17:22:08 INFO brainkm.db.migrate Applying migration 004_session_snapshots
2026-07-19T17:22:08 INFO brainkm.db.migrate Applying migration 005_session_activity
2026-07-19T17:22:08 INFO brainkm.db.migrate Applying migration 006_semantic_embeddings
2026-07-19T17:22:08 INFO brainkm.db.migrate Applying migration 007_nodal_edges
2026-07-19T17:22:09 INFO brainkm.db.migrate Applying migration 001_initial
2026-07-19T17:22:09 INFO brainkm.db.migrate Applying migration 002_temporal_lite
2026-07-19T17:22:09 INFO brainkm.db.migrate Applying migration 003_temporal_forgotten
2026-07-19T17:22:09 INFO brainkm.db.migrate Applying migration 004_session_snapshots
2026-07-19T17:22:09 INFO brainkm.db.migrate Applying migration 005_session_activity
2026-07-19T17:22:09 INFO brainkm.db.migrate Applying migration 006_semantic_embeddings
2026-07-19T17:22:09 INFO brainkm.db.migrate Applying migration 007_nodal_edges
2026-07-19T17:22:09 INFO brainkm.db.migrate Applying migration 001_initial
2026-07-19T17:22:09 INFO brainkm.db.migrate Applying migration 002_temporal_lite
2026-07-19T17:22:09 INFO brainkm.db.migrate Applying migration 003_temporal_forgotten
2026-07-19T17:22:09 INFO brainkm.db.migrate Applying migration 004_session_snapshots
2026-07-19T17:22:09 INFO brainkm.db.migrate Applying migration 005_session_activity
2026-07-19T17:22:09 INFO brainkm.db.migrate Applying migration 006_semantic_embeddings
2026-07-19T17:22:09 INFO brainkm.db.migrate Applying migration 007_nodal_edges
2026-07-19T17:22:09 INFO brainkm.db.migrate Applying migration 001_initial
2026-07-19T17:22:09 INFO brainkm.db.migrate Applying migration 002_temporal_lite
2026-07-19T17:22:09 INFO brainkm.db.migrate Applying migration 003_temporal_forgotten
2026-07-19T17:22:09 INFO brainkm.db.migrate Applying migration 004_session_snapshots
2026-07-19T17:22:09 INFO brainkm.db.migrate Applying migration 005_session_activity
2026-07-19T17:22:09 INFO brainkm.db.migrate Applying migration 006_semantic_embeddings
2026-07-19T17:22:09 INFO brainkm.db.migrate Applying migration 007_nodal_edges
2026-07-19T17:22:09 INFO brainkm.db.migrate Applying migration 001_initial
2026-07-19T17:22:09 INFO brainkm.db.migrate Applying migration 002_temporal_lite
2026-07-19T17:22:09 INFO brainkm.db.migrate Applying migration 003_temporal_forgotten
2026-07-19T17:22:09 INFO brainkm.db.migrate Applying migration 004_session_snapshots
2026-07-19T17:22:09 INFO brainkm.db.migrate Applying migration 005_session_activity
2026-07-19T17:22:09 INFO brainkm.db.migrate Applying migration 006_semantic_embeddings
2026-07-19T17:22:09 INFO brainkm.db.migrate Applying migration 007_nodal_edges
2026-07-19T17:22:10 INFO brainkm.db.migrate Applying migration 001_initial
2026-07-19T17:22:10 INFO brainkm.db.migrate Applying migration 002_temporal_lite
2026-07-19T17:22:10 INFO brainkm.db.migrate Applying migration 003_temporal_forgotten
2026-07-19T17:22:10 INFO brainkm.db.migrate Applying migration 004_session_snapshots
2026-07-19T17:22:10 INFO brainkm.db.migrate Applying migration 005_session_activity
2026-07-19T17:22:10 INFO brainkm.db.migrate Applying migration 006_semantic_embeddings
2026-07-19T17:22:10 INFO brainkm.db.migrate Applying migration 007_nodal_edges
2026-07-19T17:22:10 INFO brainkm.db.migrate Applying migration 001_initial
2026-07-19T17:22:10 INFO brainkm.db.migrate Applying migration 002_temporal_lite
2026-07-19T17:22:10 INFO brainkm.db.migrate Applying migration 003_temporal_forgotten
2026-07-19T17:22:10 INFO brainkm.db.migrate Applying migration 004_session_snapshots
2026-07-19T17:22:10 INFO brainkm.db.migrate Applying migration 005_session_activity
2026-07-19T17:22:10 INFO brainkm.db.migrate Applying migration 006_semantic_embeddings
2026-07-19T17:22:10 INFO brainkm.db.migrate Applying migration 007_nodal_edges
2026-07-19T17:22:10 INFO brainkm.db.migrate Applying migration 001_initial
2026-07-19T17:22:10 INFO brainkm.db.migrate Applying migration 002_temporal_lite
2026-07-19T17:22:10 INFO brainkm.db.migrate Applying migration 003_temporal_forgotten
2026-07-19T17:22:10 INFO brainkm.db.migrate Applying migration 004_session_snapshots
2026-07-19T17:22:10 INFO brainkm.db.migrate Applying migration 005_session_activity
2026-07-19T17:22:10 INFO brainkm.db.migrate Applying migration 006_semantic_embeddings
2026-07-19T17:22:10 INFO brainkm.db.migrate Applying migration 007_nodal_edges
2026-07-19T17:22:10 INFO brainkm.db.migrate Applying migration 001_initial
2026-07-19T17:22:10 INFO brainkm.db.migrate Applying migration 002_temporal_lite
2026-07-19T17:22:10 INFO brainkm.db.migrate Applying migration 003_temporal_forgotten
2026-07-19T17:22:10 INFO brainkm.db.migrate Applying migration 004_session_snapshots
2026-07-19T17:22:10 INFO brainkm.db.migrate Applying migration 005_session_activity
2026-07-19T17:22:10 INFO brainkm.db.migrate Applying migration 006_semantic_embeddings
2026-07-19T17:22:10 INFO brainkm.db.migrate Applying migration 007_nodal_edges
2026-07-19T17:22:11 INFO brainkm.db.migrate Applying migration 001_initial
2026-07-19T17:22:11 INFO brainkm.db.migrate Applying migration 002_temporal_lite
2026-07-19T17:22:11 INFO brainkm.db.migrate Applying migration 003_temporal_forgotten
2026-07-19T17:22:11 INFO brainkm.db.migrate Applying migration 004_session_snapshots
2026-07-19T17:22:11 INFO brainkm.db.migrate Applying migration 005_session_activity
2026-07-19T17:22:11 INFO brainkm.db.migrate Applying migration 006_semantic_embeddings
2026-07-19T17:22:11 INFO brainkm.db.migrate Applying migration 007_nodal_edges
2026-07-19T17:22:11 INFO brainkm.db.migrate Applying migration 001_initial
2026-07-19T17:22:11 INFO brainkm.db.migrate Applying migration 002_temporal_lite
2026-07-19T17:22:11 INFO brainkm.db.migrate Applying migration 003_temporal_forgotten
2026-07-19T17:22:11 INFO brainkm.db.migrate Applying migration 004_session_snapshots
2026-07-19T17:22:11 INFO brainkm.db.migrate Applying migration 005_session_activity
2026-07-19T17:22:11 INFO brainkm.db.migrate Applying migration 006_semantic_embeddings
2026-07-19T17:22:11 INFO brainkm.db.migrate Applying migration 007_nodal_edges
2026-07-19T17:22:11 INFO brainkm.db.migrate Applying migration 001_initial
2026-07-19T17:22:11 INFO brainkm.db.migrate Applying migration 002_temporal_lite
2026-07-19T17:22:11 INFO brainkm.db.migrate Applying migration 003_temporal_forgotten
2026-07-19T17:22:11 INFO brainkm.db.migrate Applying migration 004_session_snapshots
2026-07-19T17:22:11 INFO brainkm.db.migrate Applying migration 005_session_activity
2026-07-19T17:22:11 INFO brainkm.db.migrate Applying migration 006_semantic_embeddings
2026-07-19T17:22:11 INFO brainkm.db.migrate Applying migration 007_nodal_edges
2026-07-19T17:22:11 INFO brainkm.db.migrate Applying migration 001_initial
2026-07-19T17:22:11 INFO brainkm.db.migrate Applying migration 002_temporal_lite
2026-07-19T17:22:11 INFO brainkm.db.migrate Applying migration 003_temporal_forgotten
2026-07-19T17:22:11 INFO brainkm.db.migrate Applying migration 004_session_snapshots
2026-07-19T17:22:11 INFO brainkm.db.migrate Applying migration 005_session_activity
2026-07-19T17:22:11 INFO brainkm.db.migrate Applying migration 006_semantic_embeddings
2026-07-19T17:22:11 INFO brainkm.db.migrate Applying migration 007_nodal_edges
2026-07-19T17:22:11 INFO brainkm.db.migrate Applying migration 001_initial
2026-07-19T17:22:11 INFO brainkm.db.migrate Applying migration 002_temporal_lite
2026-07-19T17:22:11 INFO brainkm.db.migrate Applying migration 003_temporal_forgotten
2026-07-19T17:22:11 INFO brainkm.db.migrate Applying migration 004_session_snapshots
2026-07-19T17:22:11 INFO brainkm.db.migrate Applying migration 005_session_activity
2026-07-19T17:22:11 INFO brainkm.db.migrate Applying migration 006_semantic_embeddings
2026-07-19T17:22:11 INFO brainkm.db.migrate Applying migration 007_nodal_edges
2026-07-19T17:22:12 INFO brainkm.db.migrate Applying migration 001_initial
2026-07-19T17:22:12 INFO brainkm.db.migrate Applying migration 002_temporal_lite
2026-07-19T17:22:12 INFO brainkm.db.migrate Applying migration 003_temporal_forgotten
2026-07-19T17:22:12 INFO brainkm.db.migrate Applying migration 004_session_snapshots
2026-07-19T17:22:12 INFO brainkm.db.migrate Applying migration 005_session_activity
2026-07-19T17:22:12 INFO brainkm.db.migrate Applying migration 006_semantic_embeddings
2026-07-19T17:22:12 INFO brainkm.db.migrate Applying migration 007_nodal_edges
2026-07-19T17:22:12 INFO brainkm.db.migrate Applying migration 001_initial
2026-07-19T17:22:12 INFO brainkm.db.migrate Applying migration 002_temporal_lite
2026-07-19T17:22:12 INFO brainkm.db.migrate Applying migration 003_temporal_forgotten
2026-07-19T17:22:12 INFO brainkm.db.migrate Applying migration 004_session_snapshots
2026-07-19T17:22:12 INFO brainkm.db.migrate Applying migration 005_session_activity
2026-07-19T17:22:12 INFO brainkm.db.migrate Applying migration 006_semantic_embeddings
2026-07-19T17:22:12 INFO brainkm.db.migrate Applying migration 007_nodal_edges
2026-07-19T17:22:12 INFO brainkm.db.migrate Applying migration 001_initial
2026-07-19T17:22:12 INFO brainkm.db.migrate Applying migration 002_temporal_lite
2026-07-19T17:22:12 INFO brainkm.db.migrate Applying migration 003_temporal_forgotten
2026-07-19T17:22:12 INFO brainkm.db.migrate Applying migration 004_session_snapshots
2026-07-19T17:22:12 INFO brainkm.db.migrate Applying migration 005_session_activity
2026-07-19T17:22:12 INFO brainkm.db.migrate Applying migration 006_semantic_embeddings
2026-07-19T17:22:12 INFO brainkm.db.migrate Applying migration 007_nodal_edges
2026-07-19T17:22:12 INFO brainkm.db.migrate Applying migration 001_initial
2026-07-19T17:22:12 INFO brainkm.db.migrate Applying migration 002_temporal_lite
2026-07-19T17:22:12 INFO brainkm.db.migrate Applying migration 003_temporal_forgotten
2026-07-19T17:22:12 INFO brainkm.db.migrate Applying migration 004_session_snapshots
2026-07-19T17:22:12 INFO brainkm.db.migrate Applying migration 005_session_activity
2026-07-19T17:22:12 INFO brainkm.db.migrate Applying migration 006_semantic_embeddings
2026-07-19T17:22:12 INFO brainkm.db.migrate Applying migration 007_nodal_edges
2026-07-19T17:22:13 INFO brainkm.db.migrate Applying migration 001_initial
2026-07-19T17:22:13 INFO brainkm.db.migrate Applying migration 002_temporal_lite
2026-07-19T17:22:13 INFO brainkm.db.migrate Applying migration 003_temporal_forgotten
2026-07-19T17:22:13 INFO brainkm.db.migrate Applying migration 004_session_snapshots
2026-07-19T17:22:13 INFO brainkm.db.migrate Applying migration 005_session_activity
2026-07-19T17:22:13 INFO brainkm.db.migrate Applying migration 006_semantic_embeddings
2026-07-19T17:22:13 INFO brainkm.db.migrate Applying migration 007_nodal_edges
2026-07-19T17:22:13 INFO brainkm.db.migrate Applying migration 001_initial
2026-07-19T17:22:13 INFO brainkm.db.migrate Applying migration 002_temporal_lite
2026-07-19T17:22:13 INFO brainkm.db.migrate Applying migration 003_temporal_forgotten
2026-07-19T17:22:13 INFO brainkm.db.migrate Applying migration 004_session_snapshots
2026-07-19T17:22:13 INFO brainkm.db.migrate Applying migration 005_session_activity
2026-07-19T17:22:13 INFO brainkm.db.migrate Applying migration 006_semantic_embeddings
2026-07-19T17:22:13 INFO brainkm.db.migrate Applying migration 007_nodal_edges
2026-07-19T17:22:13 INFO brainkm.db.migrate Applying migration 001_initial
2026-07-19T17:22:13 INFO brainkm.db.migrate Applying migration 002_temporal_lite
2026-07-19T17:22:13 INFO brainkm.db.migrate Applying migration 003_temporal_forgotten
2026-07-19T17:22:13 INFO brainkm.db.migrate Applying migration 004_session_snapshots
2026-07-19T17:22:13 INFO brainkm.db.migrate Applying migration 005_session_activity
2026-07-19T17:22:13 INFO brainkm.db.migrate Applying migration 006_semantic_embeddings
2026-07-19T17:22:13 INFO brainkm.db.migrate Applying migration 007_nodal_edges
2026-07-19T17:22:13 INFO brainkm.db.migrate Applying migration 001_initial
2026-07-19T17:22:13 INFO brainkm.db.migrate Applying migration 002_temporal_lite
2026-07-19T17:22:13 INFO brainkm.db.migrate Applying migration 003_temporal_forgotten
2026-07-19T17:22:13 INFO brainkm.db.migrate Applying migration 004_session_snapshots
2026-07-19T17:22:13 INFO brainkm.db.migrate Applying migration 005_session_activity
2026-07-19T17:22:13 INFO brainkm.db.migrate Applying migration 006_semantic_embeddings
2026-07-19T17:22:13 INFO brainkm.db.migrate Applying migration 007_nodal_edges
2026-07-19T17:22:14 INFO brainkm.db.migrate Applying migration 001_initial
2026-07-19T17:22:14 INFO brainkm.db.migrate Applying migration 002_temporal_lite
2026-07-19T17:22:14 INFO brainkm.db.migrate Applying migration 003_temporal_forgotten
2026-07-19T17:22:14 INFO brainkm.db.migrate Applying migration 004_session_snapshots
2026-07-19T17:22:14 INFO brainkm.db.migrate Applying migration 005_session_activity
2026-07-19T17:22:14 INFO brainkm.db.migrate Applying migration 006_semantic_embeddings
2026-07-19T17:22:14 INFO brainkm.db.migrate Applying migration 007_nodal_edges
2026-07-19T17:22:14 INFO brainkm.db.migrate Applying migration 001_initial
2026-07-19T17:22:14 INFO brainkm.db.migrate Applying migration 002_temporal_lite
2026-07-19T17:22:14 INFO brainkm.db.migrate Applying migration 003_temporal_forgotten
2026-07-19T17:22:14 INFO brainkm.db.migrate Applying migration 004_session_snapshots
2026-07-19T17:22:14 INFO brainkm.db.migrate Applying migration 005_session_activity
2026-07-19T17:22:14 INFO brainkm.db.migrate Applying migration 006_semantic_embeddings
2026-07-19T17:22:14 INFO brainkm.db.migrate Applying migration 007_nodal_edges
2026-07-19T17:22:14 INFO brainkm.db.migrate Applying migration 001_initial
2026-07-19T17:22:14 INFO brainkm.db.migrate Applying migration 002_temporal_lite
2026-07-19T17:22:14 INFO brainkm.db.migrate Applying migration 003_temporal_forgotten
2026-07-19T17:22:14 INFO brainkm.db.migrate Applying migration 004_session_snapshots
2026-07-19T17:22:14 INFO brainkm.db.migrate Applying migration 005_session_activity
2026-07-19T17:22:14 INFO brainkm.db.migrate Applying migration 006_semantic_embeddings
2026-07-19T17:22:14 INFO brainkm.db.migrate Applying migration 007_nodal_edges
2026-07-19T17:22:15 INFO brainkm.db.migrate Applying migration 001_initial
2026-07-19T17:22:15 INFO brainkm.db.migrate Applying migration 002_temporal_lite
2026-07-19T17:22:15 INFO brainkm.db.migrate Applying migration 003_temporal_forgotten
2026-07-19T17:22:15 INFO brainkm.db.migrate Applying migration 004_session_snapshots
2026-07-19T17:22:15 INFO brainkm.db.migrate Applying migration 005_session_activity
2026-07-19T17:22:15 INFO brainkm.db.migrate Applying migration 006_semantic_embeddings
2026-07-19T17:22:15 INFO brainkm.db.migrate Applying migration 007_nodal_edges
2026-07-19T17:22:15 INFO brainkm.db.migrate Applying migration 001_initial
2026-07-19T17:22:15 INFO brainkm.db.migrate Applying migration 002_temporal_lite
2026-07-19T17:22:15 INFO brainkm.db.migrate Applying migration 003_temporal_forgotten
2026-07-19T17:22:15 INFO brainkm.db.migrate Applying migration 004_session_snapshots
2026-07-19T17:22:15 INFO brainkm.db.migrate Applying migration 005_session_activity
2026-07-19T17:22:15 INFO brainkm.db.migrate Applying migration 006_semantic_embeddings
2026-07-19T17:22:15 INFO brainkm.db.migrate Applying migration 007_nodal_edges
2026-07-19T17:22:15 INFO brainkm.db.migrate Applying migration 001_initial
2026-07-19T17:22:15 INFO brainkm.db.migrate Applying migration 002_temporal_lite
2026-07-19T17:22:15 INFO brainkm.db.migrate Applying migration 003_temporal_forgotten
2026-07-19T17:22:15 INFO brainkm.db.migrate Applying migration 004_session_snapshots
2026-07-19T17:22:15 INFO brainkm.db.migrate Applying migration 005_session_activity
2026-07-19T17:22:15 INFO brainkm.db.migrate Applying migration 006_semantic_embeddings
2026-07-19T17:22:15 INFO brainkm.db.migrate Applying migration 007_nodal_edges
2026-07-19T17:22:15 INFO brainkm.db.migrate Applying migration 001_initial
2026-07-19T17:22:15 INFO brainkm.db.migrate Applying migration 002_temporal_lite
2026-07-19T17:22:15 INFO brainkm.db.migrate Applying migration 003_temporal_forgotten
2026-07-19T17:22:15 INFO brainkm.db.migrate Applying migration 004_session_snapshots
2026-07-19T17:22:15 INFO brainkm.db.migrate Applying migration 005_session_activity
2026-07-19T17:22:15 INFO brainkm.db.migrate Applying migration 006_semantic_embeddings
2026-07-19T17:22:15 INFO brainkm.db.migrate Applying migration 007_nodal_edges
2026-07-19T17:22:15 INFO brainkm.db.migrate Applying migration 001_initial
2026-07-19T17:22:15 INFO brainkm.db.migrate Applying migration 002_temporal_lite
2026-07-19T17:22:15 INFO brainkm.db.migrate Applying migration 003_temporal_forgotten
2026-07-19T17:22:15 INFO brainkm.db.migrate Applying migration 004_session_snapshots
2026-07-19T17:22:15 INFO brainkm.db.migrate Applying migration 005_session_activity
2026-07-19T17:22:15 INFO brainkm.db.migrate Applying migration 006_semantic_embeddings
2026-07-19T17:22:15 INFO brainkm.db.migrate Applying migration 007_nodal_edges
2026-07-19T17:22:16 INFO brainkm.db.migrate Applying migration 001_initial
2026-07-19T17:22:16 INFO brainkm.db.migrate Applying migration 002_temporal_lite
2026-07-19T17:22:16 INFO brainkm.db.migrate Applying migration 003_temporal_forgotten
2026-07-19T17:22:16 INFO brainkm.db.migrate Applying migration 004_session_snapshots
2026-07-19T17:22:16 INFO brainkm.db.migrate Applying migration 005_session_activity
2026-07-19T17:22:16 INFO brainkm.db.migrate Applying migration 006_semantic_embeddings
2026-07-19T17:22:16 INFO brainkm.db.migrate Applying migration 007_nodal_edges
2026-07-19T17:22:16 INFO brainkm.db.migrate Applying migration 001_initial
2026-07-19T17:22:16 INFO brainkm.db.migrate Applying migration 002_temporal_lite
2026-07-19T17:22:16 INFO brainkm.db.migrate Applying migration 003_temporal_forgotten
2026-07-19T17:22:16 INFO brainkm.db.migrate Applying migration 004_session_snapshots
2026-07-19T17:22:16 INFO brainkm.db.migrate Applying migration 005_session_activity
2026-07-19T17:22:16 INFO brainkm.db.migrate Applying migration 006_semantic_embeddings
2026-07-19T17:22:16 INFO brainkm.db.migrate Applying migration 007_nodal_edges
2026-07-19T17:22:16 INFO brainkm.db.migrate Applying migration 001_initial
2026-07-19T17:22:16 INFO brainkm.db.migrate Applying migration 002_temporal_lite
2026-07-19T17:22:16 INFO brainkm.db.migrate Applying migration 003_temporal_forgotten
2026-07-19T17:22:16 INFO brainkm.db.migrate Applying migration 004_session_snapshots
2026-07-19T17:22:16 INFO brainkm.db.migrate Applying migration 005_session_activity
2026-07-19T17:22:16 INFO brainkm.db.migrate Applying migration 006_semantic_embeddings
2026-07-19T17:22:16 INFO brainkm.db.migrate Applying migration 007_nodal_edges
2026-07-19T17:22:16 INFO brainkm.db.migrate Applying migration 001_initial
2026-07-19T17:22:16 INFO brainkm.db.migrate Applying migration 002_temporal_lite
2026-07-19T17:22:16 INFO brainkm.db.migrate Applying migration 003_temporal_forgotten
2026-07-19T17:22:16 INFO brainkm.db.migrate Applying migration 004_session_snapshots
2026-07-19T17:22:16 INFO brainkm.db.migrate Applying migration 005_session_activity
2026-07-19T17:22:16 INFO brainkm.db.migrate Applying migration 006_semantic_embeddings
2026-07-19T17:22:16 INFO brainkm.db.migrate Applying migration 007_nodal_edges
2026-07-19T17:22:17 INFO brainkm.db.migrate Applying migration 001_initial
2026-07-19T17:22:17 INFO brainkm.db.migrate Applying migration 002_temporal_lite
2026-07-19T17:22:17 INFO brainkm.db.migrate Applying migration 003_temporal_forgotten
2026-07-19T17:22:17 INFO brainkm.db.migrate Applying migration 004_session_snapshots
2026-07-19T17:22:17 INFO brainkm.db.migrate Applying migration 005_session_activity
2026-07-19T17:22:17 INFO brainkm.db.migrate Applying migration 006_semantic_embeddings
2026-07-19T17:22:17 INFO brainkm.db.migrate Applying migration 007_nodal_edges
2026-07-19T17:22:17 INFO brainkm.db.migrate Applying migration 001_initial
2026-07-19T17:22:17 INFO brainkm.db.migrate Applying migration 002_temporal_lite
2026-07-19T17:22:17 INFO brainkm.db.migrate Applying migration 003_temporal_forgotten
2026-07-19T17:22:17 INFO brainkm.db.migrate Applying migration 004_session_snapshots
2026-07-19T17:22:17 INFO brainkm.db.migrate Applying migration 005_session_activity
2026-07-19T17:22:17 INFO brainkm.db.migrate Applying migration 006_semantic_embeddings
2026-07-19T17:22:17 INFO brainkm.db.migrate Applying migration 007_nodal_edges
2026-07-19T17:22:17 INFO brainkm.db.migrate Applying migration 001_initial
2026-07-19T17:22:17 INFO brainkm.db.migrate Applying migration 002_temporal_lite
2026-07-19T17:22:17 INFO brainkm.db.migrate Applying migration 003_temporal_forgotten
2026-07-19T17:22:17 INFO brainkm.db.migrate Applying migration 004_session_snapshots
2026-07-19T17:22:17 INFO brainkm.db.migrate Applying migration 005_session_activity
2026-07-19T17:22:17 INFO brainkm.db.migrate Applying migration 006_semantic_embeddings
2026-07-19T17:22:17 INFO brainkm.db.migrate Applying migration 007_nodal_edges
2026-07-19T17:22:17 INFO brainkm.db.migrate Applying migration 001_initial
2026-07-19T17:22:17 INFO brainkm.db.migrate Applying migration 002_temporal_lite
2026-07-19T17:22:17 INFO brainkm.db.migrate Applying migration 003_temporal_forgotten
2026-07-19T17:22:17 INFO brainkm.db.migrate Applying migration 004_session_snapshots
2026-07-19T17:22:17 INFO brainkm.db.migrate Applying migration 005_session_activity
2026-07-19T17:22:17 INFO brainkm.db.migrate Applying migration 006_semantic_embeddings
2026-07-19T17:22:17 INFO brainkm.db.migrate Applying migration 007_nodal_edges
2026-07-19T17:22:18 INFO brainkm.db.migrate Applying migration 001_initial
2026-07-19T17:22:18 INFO brainkm.db.migrate Applying migration 002_temporal_lite
2026-07-19T17:22:18 INFO brainkm.db.migrate Applying migration 003_temporal_forgotten
2026-07-19T17:22:18 INFO brainkm.db.migrate Applying migration 004_session_snapshots
2026-07-19T17:22:18 INFO brainkm.db.migrate Applying migration 005_session_activity
2026-07-19T17:22:18 INFO brainkm.db.migrate Applying migration 006_semantic_embeddings
2026-07-19T17:22:18 INFO brainkm.db.migrate Applying migration 007_nodal_edges
2026-07-19T17:22:18 INFO brainkm.db.migrate Applying migration 001_initial
2026-07-19T17:22:18 INFO brainkm.db.migrate Applying migration 002_temporal_lite
2026-07-19T17:22:18 INFO brainkm.db.migrate Applying migration 003_temporal_forgotten
2026-07-19T17:22:18 INFO brainkm.db.migrate Applying migration 004_session_snapshots
2026-07-19T17:22:18 INFO brainkm.db.migrate Applying migration 005_session_activity
2026-07-19T17:22:18 INFO brainkm.db.migrate Applying migration 006_semantic_embeddings
2026-07-19T17:22:18 INFO brainkm.db.migrate Applying migration 007_nodal_edges
2026-07-19T17:22:18 INFO brainkm.db.migrate Applying migration 001_initial
2026-07-19T17:22:18 INFO brainkm.db.migrate Applying migration 002_temporal_lite
2026-07-19T17:22:18 INFO brainkm.db.migrate Applying migration 003_temporal_forgotten
2026-07-19T17:22:18 INFO brainkm.db.migrate Applying migration 004_session_snapshots
2026-07-19T17:22:18 INFO brainkm.db.migrate Applying migration 005_session_activity
2026-07-19T17:22:18 INFO brainkm.db.migrate Applying migration 006_semantic_embeddings
2026-07-19T17:22:18 INFO brainkm.db.migrate Applying migration 007_nodal_edges
2026-07-19T17:22:18 INFO brainkm.db.migrate Applying migration 001_initial
2026-07-19T17:22:18 INFO brainkm.db.migrate Applying migration 002_temporal_lite
2026-07-19T17:22:18 INFO brainkm.db.migrate Applying migration 003_temporal_forgotten
2026-07-19T17:22:18 INFO brainkm.db.migrate Applying migration 004_session_snapshots
2026-07-19T17:22:18 INFO brainkm.db.migrate Applying migration 005_session_activity
2026-07-19T17:22:18 INFO brainkm.db.migrate Applying migration 006_semantic_embeddings
2026-07-19T17:22:18 INFO brainkm.db.migrate Applying migration 007_nodal_edges
2026-07-19T17:22:19 INFO brainkm.db.migrate Applying migration 001_initial
2026-07-19T17:22:19 INFO brainkm.db.migrate Applying migration 002_temporal_lite
2026-07-19T17:22:19 INFO brainkm.db.migrate Applying migration 003_temporal_forgotten
2026-07-19T17:22:19 INFO brainkm.db.migrate Applying migration 004_session_snapshots
2026-07-19T17:22:19 INFO brainkm.db.migrate Applying migration 005_session_activity
2026-07-19T17:22:19 INFO brainkm.db.migrate Applying migration 006_semantic_embeddings
2026-07-19T17:22:19 INFO brainkm.db.migrate Applying migration 007_nodal_edges
2026-07-19T17:22:19 INFO brainkm.db.migrate Applying migration 001_initial
2026-07-19T17:22:19 INFO brainkm.db.migrate Applying migration 002_temporal_lite
2026-07-19T17:22:19 INFO brainkm.db.migrate Applying migration 003_temporal_forgotten
2026-07-19T17:22:19 INFO brainkm.db.migrate Applying migration 004_session_snapshots
2026-07-19T17:22:19 INFO brainkm.db.migrate Applying migration 005_session_activity
2026-07-19T17:22:19 INFO brainkm.db.migrate Applying migration 006_semantic_embeddings
2026-07-19T17:22:19 INFO brainkm.db.migrate Applying migration 007_nodal_edges
2026-07-19T17:22:19 INFO brainkm.db.migrate Applying migration 001_initial
2026-07-19T17:22:19 INFO brainkm.db.migrate Applying migration 002_temporal_lite
2026-07-19T17:22:19 INFO brainkm.db.migrate Applying migration 003_temporal_forgotten
2026-07-19T17:22:19 INFO brainkm.db.migrate Applying migration 004_session_snapshots
2026-07-19T17:22:19 INFO brainkm.db.migrate Applying migration 005_session_activity
2026-07-19T17:22:19 INFO brainkm.db.migrate Applying migration 006_semantic_embeddings
2026-07-19T17:22:19 INFO brainkm.db.migrate Applying migration 007_nodal_edges
2026-07-19T17:22:19 INFO brainkm.db.migrate Applying migration 001_initial
2026-07-19T17:22:19 INFO brainkm.db.migrate Applying migration 002_temporal_lite
2026-07-19T17:22:19 INFO brainkm.db.migrate Applying migration 003_temporal_forgotten
2026-07-19T17:22:19 INFO brainkm.db.migrate Applying migration 004_session_snapshots
2026-07-19T17:22:19 INFO brainkm.db.migrate Applying migration 005_session_activity
2026-07-19T17:22:19 INFO brainkm.db.migrate Applying migration 006_semantic_embeddings
2026-07-19T17:22:19 INFO brainkm.db.migrate Applying migration 007_nodal_edges
2026-07-19T17:22:20 INFO brainkm.db.migrate Applying migration 001_initial
2026-07-19T17:22:20 INFO brainkm.db.migrate Applying migration 002_temporal_lite
2026-07-19T17:22:20 INFO brainkm.db.migrate Applying migration 003_temporal_forgotten
2026-07-19T17:22:20 INFO brainkm.db.migrate Applying migration 004_session_snapshots
2026-07-19T17:22:20 INFO brainkm.db.migrate Applying migration 005_session_activity
2026-07-19T17:22:20 INFO brainkm.db.migrate Applying migration 006_semantic_embeddings
2026-07-19T17:22:20 INFO brainkm.db.migrate Applying migration 007_nodal_edges
2026-07-19T17:22:20 INFO brainkm.db.migrate Applying migration 001_initial
2026-07-19T17:22:20 INFO brainkm.db.migrate Applying migration 002_temporal_lite
2026-07-19T17:22:20 INFO brainkm.db.migrate Applying migration 003_temporal_forgotten
2026-07-19T17:22:20 INFO brainkm.db.migrate Applying migration 004_session_snapshots
2026-07-19T17:22:20 INFO brainkm.db.migrate Applying migration 005_session_activity
2026-07-19T17:22:20 INFO brainkm.db.migrate Applying migration 006_semantic_embeddings
2026-07-19T17:22:20 INFO brainkm.db.migrate Applying migration 007_nodal_edges
2026-07-19T17:22:20 INFO brainkm.db.migrate Applying migration 001_initial
2026-07-19T17:22:20 INFO brainkm.db.migrate Applying migration 002_temporal_lite
2026-07-19T17:22:20 INFO brainkm.db.migrate Applying migration 003_temporal_forgotten
2026-07-19T17:22:20 INFO brainkm.db.migrate Applying migration 004_session_snapshots
2026-07-19T17:22:20 INFO brainkm.db.migrate Applying migration 005_session_activity
2026-07-19T17:22:20 INFO brainkm.db.migrate Applying migration 006_semantic_embeddings
2026-07-19T17:22:20 INFO brainkm.db.migrate Applying migration 007_nodal_edges
2026-07-19T17:22:20 INFO brainkm.db.migrate Applying migration 001_initial
2026-07-19T17:22:20 INFO brainkm.db.migrate Applying migration 002_temporal_lite
2026-07-19T17:22:20 INFO brainkm.db.migrate Applying migration 003_temporal_forgotten
2026-07-19T17:22:20 INFO brainkm.db.migrate Applying migration 004_session_snapshots
2026-07-19T17:22:20 INFO brainkm.db.migrate Applying migration 005_session_activity
2026-07-19T17:22:20 INFO brainkm.db.migrate Applying migration 006_semantic_embeddings
2026-07-19T17:22:20 INFO brainkm.db.migrate Applying migration 007_nodal_edges
2026-07-19T17:22:21 INFO brainkm.db.migrate Applying migration 001_initial
2026-07-19T17:22:21 INFO brainkm.db.migrate Applying migration 002_temporal_lite
2026-07-19T17:22:21 INFO brainkm.db.migrate Applying migration 003_temporal_forgotten
2026-07-19T17:22:21 INFO brainkm.db.migrate Applying migration 004_session_snapshots
2026-07-19T17:22:21 INFO brainkm.db.migrate Applying migration 005_session_activity
2026-07-19T17:22:21 INFO brainkm.db.migrate Applying migration 006_semantic_embeddings
2026-07-19T17:22:21 INFO brainkm.db.migrate Applying migration 007_nodal_edges
2026-07-19T17:22:21 INFO brainkm.db.migrate Applying migration 001_initial
2026-07-19T17:22:21 INFO brainkm.db.migrate Applying migration 002_temporal_lite
2026-07-19T17:22:21 INFO brainkm.db.migrate Applying migration 003_temporal_forgotten
2026-07-19T17:22:21 INFO brainkm.db.migrate Applying migration 004_session_snapshots
2026-07-19T17:22:21 INFO brainkm.db.migrate Applying migration 005_session_activity
2026-07-19T17:22:21 INFO brainkm.db.migrate Applying migration 006_semantic_embeddings
2026-07-19T17:22:21 INFO brainkm.db.migrate Applying migration 007_nodal_edges
2026-07-19T17:22:21 INFO brainkm.db.migrate Applying migration 001_initial
2026-07-19T17:22:21 INFO brainkm.db.migrate Applying migration 002_temporal_lite
2026-07-19T17:22:21 INFO brainkm.db.migrate Applying migration 003_temporal_forgotten
2026-07-19T17:22:21 INFO brainkm.db.migrate Applying migration 004_session_snapshots
2026-07-19T17:22:21 INFO brainkm.db.migrate Applying migration 005_session_activity
2026-07-19T17:22:21 INFO brainkm.db.migrate Applying migration 006_semantic_embeddings
2026-07-19T17:22:21 INFO brainkm.db.migrate Applying migration 007_nodal_edges
2026-07-19T17:22:21 INFO brainkm.db.migrate Applying migration 001_initial
2026-07-19T17:22:21 INFO brainkm.db.migrate Applying migration 002_temporal_lite
2026-07-19T17:22:21 INFO brainkm.db.migrate Applying migration 003_temporal_forgotten
2026-07-19T17:22:21 INFO brainkm.db.migrate Applying migration 004_session_snapshots
2026-07-19T17:22:21 INFO brainkm.db.migrate Applying migration 005_session_activity
2026-07-19T17:22:21 INFO brainkm.db.migrate Applying migration 006_semantic_embeddings
2026-07-19T17:22:21 INFO brainkm.db.migrate Applying migration 007_nodal_edges
2026-07-19T17:22:22 INFO brainkm.db.migrate Applying migration 001_initial
2026-07-19T17:22:22 INFO brainkm.db.migrate Applying migration 002_temporal_lite
2026-07-19T17:22:22 INFO brainkm.db.migrate Applying migration 003_temporal_forgotten
2026-07-19T17:22:22 INFO brainkm.db.migrate Applying migration 004_session_snapshots
2026-07-19T17:22:22 INFO brainkm.db.migrate Applying migration 005_session_activity
2026-07-19T17:22:22 INFO brainkm.db.migrate Applying migration 006_semantic_embeddings
2026-07-19T17:22:22 INFO brainkm.db.migrate Applying migration 007_nodal_edges
2026-07-19T17:22:22 INFO brainkm.db.migrate Applying migration 001_initial
2026-07-19T17:22:22 INFO brainkm.db.migrate Applying migration 002_temporal_lite
2026-07-19T17:22:22 INFO brainkm.db.migrate Applying migration 003_temporal_forgotten
2026-07-19T17:22:22 INFO brainkm.db.migrate Applying migration 004_session_snapshots
2026-07-19T17:22:22 INFO brainkm.db.migrate Applying migration 005_session_activity
2026-07-19T17:22:22 INFO brainkm.db.migrate Applying migration 006_semantic_embeddings
2026-07-19T17:22:22 INFO brainkm.db.migrate Applying migration 007_nodal_edges
2026-07-19T17:22:22 INFO brainkm.db.migrate Applying migration 001_initial
2026-07-19T17:22:22 INFO brainkm.db.migrate Applying migration 002_temporal_lite
2026-07-19T17:22:22 INFO brainkm.db.migrate Applying migration 003_temporal_forgotten
2026-07-19T17:22:22 INFO brainkm.db.migrate Applying migration 004_session_snapshots
2026-07-19T17:22:22 INFO brainkm.db.migrate Applying migration 005_session_activity
2026-07-19T17:22:22 INFO brainkm.db.migrate Applying migration 006_semantic_embeddings
2026-07-19T17:22:22 INFO brainkm.db.migrate Applying migration 007_nodal_edges
2026-07-19T17:22:22 INFO brainkm.db.migrate Applying migration 001_initial
2026-07-19T17:22:22 INFO brainkm.db.migrate Applying migration 002_temporal_lite
2026-07-19T17:22:22 INFO brainkm.db.migrate Applying migration 003_temporal_forgotten
2026-07-19T17:22:22 INFO brainkm.db.migrate Applying migration 004_session_snapshots
2026-07-19T17:22:22 INFO brainkm.db.migrate Applying migration 005_session_activity
2026-07-19T17:22:22 INFO brainkm.db.migrate Applying migration 006_semantic_embeddings
2026-07-19T17:22:22 INFO brainkm.db.migrate Applying migration 007_nodal_edges
2026-07-19T17:22:23 INFO brainkm.db.migrate Applying migration 001_initial
2026-07-19T17:22:23 INFO brainkm.db.migrate Applying migration 002_temporal_lite
2026-07-19T17:22:23 INFO brainkm.db.migrate Applying migration 003_temporal_forgotten
2026-07-19T17:22:23 INFO brainkm.db.migrate Applying migration 004_session_snapshots
2026-07-19T17:22:23 INFO brainkm.db.migrate Applying migration 005_session_activity
2026-07-19T17:22:23 INFO brainkm.db.migrate Applying migration 006_semantic_embeddings
2026-07-19T17:22:23 INFO brainkm.db.migrate Applying migration 007_nodal_edges
2026-07-19T17:22:23 INFO brainkm.db.migrate Applying migration 001_initial
2026-07-19T17:22:23 INFO brainkm.db.migrate Applying migration 002_temporal_lite
2026-07-19T17:22:23 INFO brainkm.db.migrate Applying migration 003_temporal_forgotten
2026-07-19T17:22:23 INFO brainkm.db.migrate Applying migration 004_session_snapshots
2026-07-19T17:22:23 INFO brainkm.db.migrate Applying migration 005_session_activity
2026-07-19T17:22:23 INFO brainkm.db.migrate Applying migration 006_semantic_embeddings
2026-07-19T17:22:23 INFO brainkm.db.migrate Applying migration 007_nodal_edges
2026-07-19T17:22:23 INFO brainkm.db.migrate Applying migration 001_initial
2026-07-19T17:22:23 INFO brainkm.db.migrate Applying migration 002_temporal_lite
2026-07-19T17:22:23 INFO brainkm.db.migrate Applying migration 003_temporal_forgotten
2026-07-19T17:22:23 INFO brainkm.db.migrate Applying migration 004_session_snapshots
2026-07-19T17:22:23 INFO brainkm.db.migrate Applying migration 005_session_activity
2026-07-19T17:22:23 INFO brainkm.db.migrate Applying migration 006_semantic_embeddings
2026-07-19T17:22:23 INFO brainkm.db.migrate Applying migration 007_nodal_edges
2026-07-19T17:22:23 INFO brainkm.db.migrate Applying migration 001_initial
2026-07-19T17:22:23 INFO brainkm.db.migrate Applying migration 002_temporal_lite
2026-07-19T17:22:23 INFO brainkm.db.migrate Applying migration 003_temporal_forgotten
2026-07-19T17:22:23 INFO brainkm.db.migrate Applying migration 004_session_snapshots
2026-07-19T17:22:23 INFO brainkm.db.migrate Applying migration 005_session_activity
2026-07-19T17:22:23 INFO brainkm.db.migrate Applying migration 006_semantic_embeddings
2026-07-19T17:22:23 INFO brainkm.db.migrate Applying migration 007_nodal_edges
2026-07-19T17:22:24 INFO brainkm.db.migrate Applying migration 001_initial
2026-07-19T17:22:24 INFO brainkm.db.migrate Applying migration 002_temporal_lite
2026-07-19T17:22:24 INFO brainkm.db.migrate Applying migration 003_temporal_forgotten
2026-07-19T17:22:24 INFO brainkm.db.migrate Applying migration 004_session_snapshots
2026-07-19T17:22:24 INFO brainkm.db.migrate Applying migration 005_session_activity
2026-07-19T17:22:24 INFO brainkm.db.migrate Applying migration 006_semantic_embeddings
2026-07-19T17:22:24 INFO brainkm.db.migrate Applying migration 007_nodal_edges
2026-07-19T17:22:24 INFO brainkm.db.migrate Applying migration 001_initial
2026-07-19T17:22:24 INFO brainkm.db.migrate Applying migration 002_temporal_lite
2026-07-19T17:22:24 INFO brainkm.db.migrate Applying migration 003_temporal_forgotten
2026-07-19T17:22:24 INFO brainkm.db.migrate Applying migration 004_session_snapshots
2026-07-19T17:22:24 INFO brainkm.db.migrate Applying migration 005_session_activity
2026-07-19T17:22:24 INFO brainkm.db.migrate Applying migration 006_semantic_embeddings
2026-07-19T17:22:24 INFO brainkm.db.migrate Applying migration 007_nodal_edges
2026-07-19T17:22:24 INFO brainkm.db.migrate Applying migration 001_initial
2026-07-19T17:22:24 INFO brainkm.db.migrate Applying migration 002_temporal_lite
2026-07-19T17:22:24 INFO brainkm.db.migrate Applying migration 003_temporal_forgotten
2026-07-19T17:22:24 INFO brainkm.db.migrate Applying migration 004_session_snapshots
2026-07-19T17:22:24 INFO brainkm.db.migrate Applying migration 005_session_activity
2026-07-19T17:22:24 INFO brainkm.db.migrate Applying migration 006_semantic_embeddings
2026-07-19T17:22:24 INFO brainkm.db.migrate Applying migration 007_nodal_edges
2026-07-19T17:22:25 INFO brainkm.db.migrate Applying migration 001_initial
2026-07-19T17:22:25 INFO brainkm.db.migrate Applying migration 002_temporal_lite
2026-07-19T17:22:25 INFO brainkm.db.migrate Applying migration 003_temporal_forgotten
2026-07-19T17:22:25 INFO brainkm.db.migrate Applying migration 004_session_snapshots
2026-07-19T17:22:25 INFO brainkm.db.migrate Applying migration 005_session_activity
2026-07-19T17:22:25 INFO brainkm.db.migrate Applying migration 006_semantic_embeddings
2026-07-19T17:22:25 INFO brainkm.db.migrate Applying migration 007_nodal_edges
2026-07-19T17:22:25 INFO brainkm.db.migrate Applying migration 001_initial
2026-07-19T17:22:25 INFO brainkm.db.migrate Applying migration 002_temporal_lite
2026-07-19T17:22:25 INFO brainkm.db.migrate Applying migration 003_temporal_forgotten
2026-07-19T17:22:25 INFO brainkm.db.migrate Applying migration 004_session_snapshots
2026-07-19T17:22:25 INFO brainkm.db.migrate Applying migration 005_session_activity
2026-07-19T17:22:25 INFO brainkm.db.migrate Applying migration 006_semantic_embeddings
2026-07-19T17:22:25 INFO brainkm.db.migrate Applying migration 007_nodal_edges
2026-07-19T17:22:25 INFO brainkm.db.migrate Applying migration 001_initial
2026-07-19T17:22:25 INFO brainkm.db.migrate Applying migration 002_temporal_lite
2026-07-19T17:22:25 INFO brainkm.db.migrate Applying migration 003_temporal_forgotten
2026-07-19T17:22:25 INFO brainkm.db.migrate Applying migration 004_session_snapshots
2026-07-19T17:22:25 INFO brainkm.db.migrate Applying migration 005_session_activity
2026-07-19T17:22:25 INFO brainkm.db.migrate Applying migration 006_semantic_embeddings
2026-07-19T17:22:25 INFO brainkm.db.migrate Applying migration 007_nodal_edges
2026-07-19T17:22:25 INFO brainkm.db.migrate Applying migration 001_initial
2026-07-19T17:22:25 INFO brainkm.db.migrate Applying migration 002_temporal_lite
2026-07-19T17:22:25 INFO brainkm.db.migrate Applying migration 003_temporal_forgotten
2026-07-19T17:22:25 INFO brainkm.db.migrate Applying migration 004_session_snapshots
2026-07-19T17:22:25 INFO brainkm.db.migrate Applying migration 005_session_activity
2026-07-19T17:22:25 INFO brainkm.db.migrate Applying migration 006_semantic_embeddings
2026-07-19T17:22:25 INFO brainkm.db.migrate Applying migration 007_nodal_edges
2026-07-19T17:22:25 INFO brainkm.db.migrate Applying migration 001_initial
2026-07-19T17:22:25 INFO brainkm.db.migrate Applying migration 002_temporal_lite
2026-07-19T17:22:25 INFO brainkm.db.migrate Applying migration 003_temporal_forgotten
2026-07-19T17:22:25 INFO brainkm.db.migrate Applying migration 004_session_snapshots
2026-07-19T17:22:25 INFO brainkm.db.migrate Applying migration 005_session_activity
2026-07-19T17:22:25 INFO brainkm.db.migrate Applying migration 006_semantic_embeddings
2026-07-19T17:22:25 INFO brainkm.db.migrate Applying migration 007_nodal_edges
2026-07-19T17:22:26 INFO brainkm.db.migrate Applying migration 001_initial
2026-07-19T17:22:26 INFO brainkm.db.migrate Applying migration 002_temporal_lite
2026-07-19T17:22:26 INFO brainkm.db.migrate Applying migration 003_temporal_forgotten
2026-07-19T17:22:26 INFO brainkm.db.migrate Applying migration 004_session_snapshots
2026-07-19T17:22:26 INFO brainkm.db.migrate Applying migration 005_session_activity
2026-07-19T17:22:26 INFO brainkm.db.migrate Applying migration 006_semantic_embeddings
2026-07-19T17:22:26 INFO brainkm.db.migrate Applying migration 007_nodal_edges
2026-07-19T17:22:26 INFO brainkm.db.migrate Applying migration 001_initial
2026-07-19T17:22:26 INFO brainkm.db.migrate Applying migration 002_temporal_lite
2026-07-19T17:22:26 INFO brainkm.db.migrate Applying migration 003_temporal_forgotten
2026-07-19T17:22:26 INFO brainkm.db.migrate Applying migration 004_session_snapshots
2026-07-19T17:22:26 INFO brainkm.db.migrate Applying migration 005_session_activity
2026-07-19T17:22:26 INFO brainkm.db.migrate Applying migration 006_semantic_embeddings
2026-07-19T17:22:26 INFO brainkm.db.migrate Applying migration 007_nodal_edges
2026-07-19T17:22:26 INFO brainkm.db.migrate Applying migration 001_initial
2026-07-19T17:22:26 INFO brainkm.db.migrate Applying migration 002_temporal_lite
2026-07-19T17:22:26 INFO brainkm.db.migrate Applying migration 003_temporal_forgotten
2026-07-19T17:22:26 INFO brainkm.db.migrate Applying migration 004_session_snapshots
2026-07-19T17:22:26 INFO brainkm.db.migrate Applying migration 005_session_activity
2026-07-19T17:22:26 INFO brainkm.db.migrate Applying migration 006_semantic_embeddings
2026-07-19T17:22:26 INFO brainkm.db.migrate Applying migration 007_nodal_edges
2026-07-19T17:22:26 INFO brainkm.db.migrate Applying migration 001_initial
2026-07-19T17:22:26 INFO brainkm.db.migrate Applying migration 002_temporal_lite
2026-07-19T17:22:26 INFO brainkm.db.migrate Applying migration 003_temporal_forgotten
2026-07-19T17:22:26 INFO brainkm.db.migrate Applying migration 004_session_snapshots
2026-07-19T17:22:26 INFO brainkm.db.migrate Applying migration 005_session_activity
2026-07-19T17:22:26 INFO brainkm.db.migrate Applying migration 006_semantic_embeddings
2026-07-19T17:22:26 INFO brainkm.db.migrate Applying migration 007_nodal_edges
2026-07-19T17:22:27 INFO brainkm.db.migrate Applying migration 001_initial
2026-07-19T17:22:27 INFO brainkm.db.migrate Applying migration 002_temporal_lite
2026-07-19T17:22:27 INFO brainkm.db.migrate Applying migration 003_temporal_forgotten
2026-07-19T17:22:27 INFO brainkm.db.migrate Applying migration 004_session_snapshots
2026-07-19T17:22:27 INFO brainkm.db.migrate Applying migration 005_session_activity
2026-07-19T17:22:27 INFO brainkm.db.migrate Applying migration 006_semantic_embeddings
2026-07-19T17:22:27 INFO brainkm.db.migrate Applying migration 007_nodal_edges
2026-07-19T17:22:27 INFO brainkm.db.migrate Applying migration 001_initial
2026-07-19T17:22:27 INFO brainkm.db.migrate Applying migration 002_temporal_lite
2026-07-19T17:22:27 INFO brainkm.db.migrate Applying migration 003_temporal_forgotten
2026-07-19T17:22:27 INFO brainkm.db.migrate Applying migration 004_session_snapshots
2026-07-19T17:22:27 INFO brainkm.db.migrate Applying migration 005_session_activity
2026-07-19T17:22:27 INFO brainkm.db.migrate Applying migration 006_semantic_embeddings
2026-07-19T17:22:27 INFO brainkm.db.migrate Applying migration 007_nodal_edges
2026-07-19T17:22:27 INFO brainkm.db.migrate Applying migration 001_initial
2026-07-19T17:22:27 INFO brainkm.db.migrate Applying migration 002_temporal_lite
2026-07-19T17:22:27 INFO brainkm.db.migrate Applying migration 003_temporal_forgotten
2026-07-19T17:22:27 INFO brainkm.db.migrate Applying migration 004_session_snapshots
2026-07-19T17:22:27 INFO brainkm.db.migrate Applying migration 005_session_activity
2026-07-19T17:22:27 INFO brainkm.db.migrate Applying migration 006_semantic_embeddings
2026-07-19T17:22:27 INFO brainkm.db.migrate Applying migration 007_nodal_edges
2026-07-19T17:22:27 INFO brainkm.db.migrate Applying migration 001_initial
2026-07-19T17:22:27 INFO brainkm.db.migrate Applying migration 002_temporal_lite
2026-07-19T17:22:27 INFO brainkm.db.migrate Applying migration 003_temporal_forgotten
2026-07-19T17:22:27 INFO brainkm.db.migrate Applying migration 004_session_snapshots
2026-07-19T17:22:27 INFO brainkm.db.migrate Applying migration 005_session_activity
2026-07-19T17:22:27 INFO brainkm.db.migrate Applying migration 006_semantic_embeddings
2026-07-19T17:22:27 INFO brainkm.db.migrate Applying migration 007_nodal_edges
2026-07-19T17:22:28 INFO brainkm.db.migrate Applying migration 001_initial
2026-07-19T17:22:28 INFO brainkm.db.migrate Applying migration 002_temporal_lite
2026-07-19T17:22:28 INFO brainkm.db.migrate Applying migration 003_temporal_forgotten
2026-07-19T17:22:28 INFO brainkm.db.migrate Applying migration 004_session_snapshots
2026-07-19T17:22:28 INFO brainkm.db.migrate Applying migration 005_session_activity
2026-07-19T17:22:28 INFO brainkm.db.migrate Applying migration 006_semantic_embeddings
2026-07-19T17:22:28 INFO brainkm.db.migrate Applying migration 007_nodal_edges
2026-07-19T17:22:28 INFO brainkm.db.migrate Applying migration 001_initial
2026-07-19T17:22:28 INFO brainkm.db.migrate Applying migration 002_temporal_lite
2026-07-19T17:22:28 INFO brainkm.db.migrate Applying migration 003_temporal_forgotten
2026-07-19T17:22:28 INFO brainkm.db.migrate Applying migration 004_session_snapshots
2026-07-19T17:22:28 INFO brainkm.db.migrate Applying migration 005_session_activity
2026-07-19T17:22:28 INFO brainkm.db.migrate Applying migration 006_semantic_embeddings
2026-07-19T17:22:28 INFO brainkm.db.migrate Applying migration 007_nodal_edges
2026-07-19T17:22:28 INFO brainkm.db.migrate Applying migration 001_initial
2026-07-19T17:22:28 INFO brainkm.db.migrate Applying migration 002_temporal_lite
2026-07-19T17:22:28 INFO brainkm.db.migrate Applying migration 003_temporal_forgotten
2026-07-19T17:22:28 INFO brainkm.db.migrate Applying migration 004_session_snapshots
2026-07-19T17:22:28 INFO brainkm.db.migrate Applying migration 005_session_activity
2026-07-19T17:22:28 INFO brainkm.db.migrate Applying migration 006_semantic_embeddings
2026-07-19T17:22:28 INFO brainkm.db.migrate Applying migration 007_nodal_edges
2026-07-19T17:22:28 INFO brainkm.db.migrate Applying migration 001_initial
2026-07-19T17:22:28 INFO brainkm.db.migrate Applying migration 002_temporal_lite
2026-07-19T17:22:28 INFO brainkm.db.migrate Applying migration 003_temporal_forgotten
2026-07-19T17:22:28 INFO brainkm.db.migrate Applying migration 004_session_snapshots
2026-07-19T17:22:28 INFO brainkm.db.migrate Applying migration 005_session_activity
2026-07-19T17:22:28 INFO brainkm.db.migrate Applying migration 006_semantic_embeddings
2026-07-19T17:22:28 INFO brainkm.db.migrate Applying migration 007_nodal_edges
2026-07-19T17:22:29 INFO brainkm.db.migrate Applying migration 001_initial
2026-07-19T17:22:29 INFO brainkm.db.migrate Applying migration 002_temporal_lite
2026-07-19T17:22:29 INFO brainkm.db.migrate Applying migration 003_temporal_forgotten
2026-07-19T17:22:29 INFO brainkm.db.migrate Applying migration 004_session_snapshots
2026-07-19T17:22:29 INFO brainkm.db.migrate Applying migration 005_session_activity
2026-07-19T17:22:29 INFO brainkm.db.migrate Applying migration 006_semantic_embeddings
2026-07-19T17:22:29 INFO brainkm.db.migrate Applying migration 007_nodal_edges
2026-07-19T17:22:29 INFO brainkm.db.migrate Applying migration 001_initial
2026-07-19T17:22:29 INFO brainkm.db.migrate Applying migration 002_temporal_lite
2026-07-19T17:22:29 INFO brainkm.db.migrate Applying migration 003_temporal_forgotten
2026-07-19T17:22:29 INFO brainkm.db.migrate Applying migration 004_session_snapshots
2026-07-19T17:22:29 INFO brainkm.db.migrate Applying migration 005_session_activity
2026-07-19T17:22:29 INFO brainkm.db.migrate Applying migration 006_semantic_embeddings
2026-07-19T17:22:29 INFO brainkm.db.migrate Applying migration 007_nodal_edges
2026-07-19T17:22:29 INFO brainkm.db.migrate Applying migration 001_initial
2026-07-19T17:22:29 INFO brainkm.db.migrate Applying migration 002_temporal_lite
2026-07-19T17:22:29 INFO brainkm.db.migrate Applying migration 003_temporal_forgotten
2026-07-19T17:22:29 INFO brainkm.db.migrate Applying migration 004_session_snapshots
2026-07-19T17:22:29 INFO brainkm.db.migrate Applying migration 005_session_activity
2026-07-19T17:22:29 INFO brainkm.db.migrate Applying migration 006_semantic_embeddings
2026-07-19T17:22:29 INFO brainkm.db.migrate Applying migration 007_nodal_edges
2026-07-19T17:22:29 INFO brainkm.db.migrate Applying migration 001_initial
2026-07-19T17:22:29 INFO brainkm.db.migrate Applying migration 002_temporal_lite
2026-07-19T17:22:29 INFO brainkm.db.migrate Applying migration 003_temporal_forgotten
2026-07-19T17:22:29 INFO brainkm.db.migrate Applying migration 004_session_snapshots
2026-07-19T17:22:29 INFO brainkm.db.migrate Applying migration 005_session_activity
2026-07-19T17:22:29 INFO brainkm.db.migrate Applying migration 006_semantic_embeddings
2026-07-19T17:22:29 INFO brainkm.db.migrate Applying migration 007_nodal_edges
2026-07-19T17:22:30 INFO brainkm.db.migrate Applying migration 001_initial
2026-07-19T17:22:30 INFO brainkm.db.migrate Applying migration 002_temporal_lite
2026-07-19T17:22:30 INFO brainkm.db.migrate Applying migration 003_temporal_forgotten
2026-07-19T17:22:30 INFO brainkm.db.migrate Applying migration 004_session_snapshots
2026-07-19T17:22:30 INFO brainkm.db.migrate Applying migration 005_session_activity
2026-07-19T17:22:30 INFO brainkm.db.migrate Applying migration 006_semantic_embeddings
2026-07-19T17:22:30 INFO brainkm.db.migrate Applying migration 007_nodal_edges
2026-07-19T17:22:30 INFO brainkm.db.migrate Applying migration 001_initial
2026-07-19T17:22:30 INFO brainkm.db.migrate Applying migration 002_temporal_lite
2026-07-19T17:22:30 INFO brainkm.db.migrate Applying migration 003_temporal_forgotten
2026-07-19T17:22:30 INFO brainkm.db.migrate Applying migration 004_session_snapshots
2026-07-19T17:22:30 INFO brainkm.db.migrate Applying migration 005_session_activity
2026-07-19T17:22:30 INFO brainkm.db.migrate Applying migration 006_semantic_embeddings
2026-07-19T17:22:30 INFO brainkm.db.migrate Applying migration 007_nodal_edges
2026-07-19T17:22:30 INFO brainkm.db.migrate Applying migration 001_initial
2026-07-19T17:22:30 INFO brainkm.db.migrate Applying migration 002_temporal_lite
2026-07-19T17:22:30 INFO brainkm.db.migrate Applying migration 003_temporal_forgotten
2026-07-19T17:22:30 INFO brainkm.db.migrate Applying migration 004_session_snapshots
2026-07-19T17:22:30 INFO brainkm.db.migrate Applying migration 005_session_activity
2026-07-19T17:22:30 INFO brainkm.db.migrate Applying migration 006_semantic_embeddings
2026-07-19T17:22:30 INFO brainkm.db.migrate Applying migration 007_nodal_edges
2026-07-19T17:22:30 INFO brainkm.db.migrate Applying migration 001_initial
2026-07-19T17:22:30 INFO brainkm.db.migrate Applying migration 002_temporal_lite
2026-07-19T17:22:30 INFO brainkm.db.migrate Applying migration 003_temporal_forgotten
2026-07-19T17:22:30 INFO brainkm.db.migrate Applying migration 004_session_snapshots
2026-07-19T17:22:30 INFO brainkm.db.migrate Applying migration 005_session_activity
2026-07-19T17:22:30 INFO brainkm.db.migrate Applying migration 006_semantic_embeddings
2026-07-19T17:22:30 INFO brainkm.db.migrate Applying migration 007_nodal_edges
2026-07-19T17:22:31 INFO brainkm.db.migrate Applying migration 001_initial
2026-07-19T17:22:31 INFO brainkm.db.migrate Applying migration 002_temporal_lite
2026-07-19T17:22:31 INFO brainkm.db.migrate Applying migration 003_temporal_forgotten
2026-07-19T17:22:31 INFO brainkm.db.migrate Applying migration 004_session_snapshots
2026-07-19T17:22:31 INFO brainkm.db.migrate Applying migration 005_session_activity
2026-07-19T17:22:31 INFO brainkm.db.migrate Applying migration 006_semantic_embeddings
2026-07-19T17:22:31 INFO brainkm.db.migrate Applying migration 007_nodal_edges
2026-07-19T17:22:31 INFO brainkm.db.migrate Applying migration 001_initial
2026-07-19T17:22:31 INFO brainkm.db.migrate Applying migration 002_temporal_lite
2026-07-19T17:22:31 INFO brainkm.db.migrate Applying migration 003_temporal_forgotten
2026-07-19T17:22:31 INFO brainkm.db.migrate Applying migration 004_session_snapshots
2026-07-19T17:22:31 INFO brainkm.db.migrate Applying migration 005_session_activity
2026-07-19T17:22:31 INFO brainkm.db.migrate Applying migration 006_semantic_embeddings
2026-07-19T17:22:31 INFO brainkm.db.migrate Applying migration 007_nodal_edges
2026-07-19T17:22:31 INFO brainkm.db.migrate Applying migration 001_initial
2026-07-19T17:22:31 INFO brainkm.db.migrate Applying migration 002_temporal_lite
2026-07-19T17:22:31 INFO brainkm.db.migrate Applying migration 003_temporal_forgotten
2026-07-19T17:22:31 INFO brainkm.db.migrate Applying migration 004_session_snapshots
2026-07-19T17:22:31 INFO brainkm.db.migrate Applying migration 005_session_activity
2026-07-19T17:22:31 INFO brainkm.db.migrate Applying migration 006_semantic_embeddings
2026-07-19T17:22:31 INFO brainkm.db.migrate Applying migration 007_nodal_edges
2026-07-19T17:22:31 INFO brainkm.db.migrate Applying migration 001_initial
2026-07-19T17:22:31 INFO brainkm.db.migrate Applying migration 002_temporal_lite
2026-07-19T17:22:31 INFO brainkm.db.migrate Applying migration 003_temporal_forgotten
2026-07-19T17:22:31 INFO brainkm.db.migrate Applying migration 004_session_snapshots
2026-07-19T17:22:31 INFO brainkm.db.migrate Applying migration 005_session_activity
2026-07-19T17:22:31 INFO brainkm.db.migrate Applying migration 006_semantic_embeddings
2026-07-19T17:22:31 INFO brainkm.db.migrate Applying migration 007_nodal_edges
2026-07-19T17:22:32 INFO brainkm.db.migrate Applying migration 001_initial
2026-07-19T17:22:32 INFO brainkm.db.migrate Applying migration 002_temporal_lite
2026-07-19T17:22:32 INFO brainkm.db.migrate Applying migration 003_temporal_forgotten
2026-07-19T17:22:32 INFO brainkm.db.migrate Applying migration 004_session_snapshots
2026-07-19T17:22:32 INFO brainkm.db.migrate Applying migration 005_session_activity
2026-07-19T17:22:32 INFO brainkm.db.migrate Applying migration 006_semantic_embeddings
2026-07-19T17:22:32 INFO brainkm.db.migrate Applying migration 007_nodal_edges
2026-07-19T17:22:32 INFO brainkm.db.migrate Applying migration 001_initial
2026-07-19T17:22:32 INFO brainkm.db.migrate Applying migration 002_temporal_lite
2026-07-19T17:22:32 INFO brainkm.db.migrate Applying migration 003_temporal_forgotten
2026-07-19T17:22:32 INFO brainkm.db.migrate Applying migration 004_session_snapshots
2026-07-19T17:22:32 INFO brainkm.db.migrate Applying migration 005_session_activity
2026-07-19T17:22:32 INFO brainkm.db.migrate Applying migration 006_semantic_embeddings
2026-07-19T17:22:32 INFO brainkm.db.migrate Applying migration 007_nodal_edges
2026-07-19T17:22:32 INFO brainkm.db.migrate Applying migration 001_initial
2026-07-19T17:22:32 INFO brainkm.db.migrate Applying migration 002_temporal_lite
2026-07-19T17:22:32 INFO brainkm.db.migrate Applying migration 003_temporal_forgotten
2026-07-19T17:22:32 INFO brainkm.db.migrate Applying migration 004_session_snapshots
2026-07-19T17:22:32 INFO brainkm.db.migrate Applying migration 005_session_activity
2026-07-19T17:22:32 INFO brainkm.db.migrate Applying migration 006_semantic_embeddings
2026-07-19T17:22:32 INFO brainkm.db.migrate Applying migration 007_nodal_edges
2026-07-19T17:22:33 INFO brainkm.db.migrate Applying migration 001_initial
2026-07-19T17:22:33 INFO brainkm.db.migrate Applying migration 002_temporal_lite
2026-07-19T17:22:33 INFO brainkm.db.migrate Applying migration 003_temporal_forgotten
2026-07-19T17:22:33 INFO brainkm.db.migrate Applying migration 004_session_snapshots
2026-07-19T17:22:33 INFO brainkm.db.migrate Applying migration 005_session_activity
2026-07-19T17:22:33 INFO brainkm.db.migrate Applying migration 006_semantic_embeddings
2026-07-19T17:22:33 INFO brainkm.db.migrate Applying migration 007_nodal_edges
2026-07-19T17:22:33 INFO brainkm.db.migrate Applying migration 001_initial
2026-07-19T17:22:33 INFO brainkm.db.migrate Applying migration 002_temporal_lite
2026-07-19T17:22:33 INFO brainkm.db.migrate Applying migration 003_temporal_forgotten
2026-07-19T17:22:33 INFO brainkm.db.migrate Applying migration 004_session_snapshots
2026-07-19T17:22:33 INFO brainkm.db.migrate Applying migration 005_session_activity
2026-07-19T17:22:33 INFO brainkm.db.migrate Applying migration 006_semantic_embeddings
2026-07-19T17:22:33 INFO brainkm.db.migrate Applying migration 007_nodal_edges
2026-07-19T17:22:33 INFO brainkm.db.migrate Applying migration 001_initial
2026-07-19T17:22:33 INFO brainkm.db.migrate Applying migration 002_temporal_lite
2026-07-19T17:22:33 INFO brainkm.db.migrate Applying migration 003_temporal_forgotten
2026-07-19T17:22:33 INFO brainkm.db.migrate Applying migration 004_session_snapshots
2026-07-19T17:22:33 INFO brainkm.db.migrate Applying migration 005_session_activity
2026-07-19T17:22:33 INFO brainkm.db.migrate Applying migration 006_semantic_embeddings
2026-07-19T17:22:33 INFO brainkm.db.migrate Applying migration 007_nodal_edges
2026-07-19T17:22:33 INFO brainkm.db.migrate Applying migration 001_initial
2026-07-19T17:22:33 INFO brainkm.db.migrate Applying migration 002_temporal_lite
2026-07-19T17:22:33 INFO brainkm.db.migrate Applying migration 003_temporal_forgotten
2026-07-19T17:22:33 INFO brainkm.db.migrate Applying migration 004_session_snapshots
2026-07-19T17:22:33 INFO brainkm.db.migrate Applying migration 005_session_activity
2026-07-19T17:22:33 INFO brainkm.db.migrate Applying migration 006_semantic_embeddings
2026-07-19T17:22:33 INFO brainkm.db.migrate Applying migration 007_nodal_edges
2026-07-19T17:22:34 INFO brainkm.db.migrate Applying migration 001_initial
2026-07-19T17:22:34 INFO brainkm.db.migrate Applying migration 002_temporal_lite
2026-07-19T17:22:34 INFO brainkm.db.migrate Applying migration 003_temporal_forgotten
2026-07-19T17:22:34 INFO brainkm.db.migrate Applying migration 004_session_snapshots
2026-07-19T17:22:34 INFO brainkm.db.migrate Applying migration 005_session_activity
2026-07-19T17:22:34 INFO brainkm.db.migrate Applying migration 006_semantic_embeddings
2026-07-19T17:22:34 INFO brainkm.db.migrate Applying migration 007_nodal_edges
2026-07-19T17:22:34 INFO brainkm.db.migrate Applying migration 001_initial
2026-07-19T17:22:34 INFO brainkm.db.migrate Applying migration 002_temporal_lite
2026-07-19T17:22:34 INFO brainkm.db.migrate Applying migration 003_temporal_forgotten
2026-07-19T17:22:34 INFO brainkm.db.migrate Applying migration 004_session_snapshots
2026-07-19T17:22:34 INFO brainkm.db.migrate Applying migration 005_session_activity
2026-07-19T17:22:34 INFO brainkm.db.migrate Applying migration 006_semantic_embeddings
2026-07-19T17:22:34 INFO brainkm.db.migrate Applying migration 007_nodal_edges
2026-07-19T17:22:34 INFO brainkm.db.migrate Applying migration 001_initial
2026-07-19T17:22:34 INFO brainkm.db.migrate Applying migration 002_temporal_lite
2026-07-19T17:22:34 INFO brainkm.db.migrate Applying migration 003_temporal_forgotten
2026-07-19T17:22:34 INFO brainkm.db.migrate Applying migration 004_session_snapshots
2026-07-19T17:22:34 INFO brainkm.db.migrate Applying migration 005_session_activity
2026-07-19T17:22:34 INFO brainkm.db.migrate Applying migration 006_semantic_embeddings
2026-07-19T17:22:34 INFO brainkm.db.migrate Applying migration 007_nodal_edges
2026-07-19T17:22:34 INFO brainkm.db.migrate Applying migration 001_initial
2026-07-19T17:22:34 INFO brainkm.db.migrate Applying migration 002_temporal_lite
2026-07-19T17:22:34 INFO brainkm.db.migrate Applying migration 003_temporal_forgotten
2026-07-19T17:22:34 INFO brainkm.db.migrate Applying migration 004_session_snapshots
2026-07-19T17:22:34 INFO brainkm.db.migrate Applying migration 005_session_activity
2026-07-19T17:22:34 INFO brainkm.db.migrate Applying migration 006_semantic_embeddings
2026-07-19T17:22:34 INFO brainkm.db.migrate Applying migration 007_nodal_edges
2026-07-19T17:22:35 INFO brainkm.db.migrate Applying migration 001_initial
2026-07-19T17:22:35 INFO brainkm.db.migrate Applying migration 002_temporal_lite
2026-07-19T17:22:35 INFO brainkm.db.migrate Applying migration 003_temporal_forgotten
2026-07-19T17:22:35 INFO brainkm.db.migrate Applying migration 004_session_snapshots
2026-07-19T17:22:35 INFO brainkm.db.migrate Applying migration 005_session_activity
2026-07-19T17:22:35 INFO brainkm.db.migrate Applying migration 006_semantic_embeddings
2026-07-19T17:22:35 INFO brainkm.db.migrate Applying migration 007_nodal_edges
2026-07-19T17:22:35 INFO brainkm.db.migrate Applying migration 001_initial
2026-07-19T17:22:35 INFO brainkm.db.migrate Applying migration 002_temporal_lite
2026-07-19T17:22:35 INFO brainkm.db.migrate Applying migration 003_temporal_forgotten
2026-07-19T17:22:35 INFO brainkm.db.migrate Applying migration 004_session_snapshots
2026-07-19T17:22:35 INFO brainkm.db.migrate Applying migration 005_session_activity
2026-07-19T17:22:35 INFO brainkm.db.migrate Applying migration 006_semantic_embeddings
2026-07-19T17:22:35 INFO brainkm.db.migrate Applying migration 007_nodal_edges
2026-07-19T17:22:35 INFO brainkm.db.migrate Applying migration 001_initial
2026-07-19T17:22:35 INFO brainkm.db.migrate Applying migration 002_temporal_lite
2026-07-19T17:22:35 INFO brainkm.db.migrate Applying migration 003_temporal_forgotten
2026-07-19T17:22:35 INFO brainkm.db.migrate Applying migration 004_session_snapshots
2026-07-19T17:22:35 INFO brainkm.db.migrate Applying migration 005_session_activity
2026-07-19T17:22:35 INFO brainkm.db.migrate Applying migration 006_semantic_embeddings
2026-07-19T17:22:35 INFO brainkm.db.migrate Applying migration 007_nodal_edges
2026-07-19T17:22:35 INFO brainkm.db.migrate Applying migration 001_initial
2026-07-19T17:22:35 INFO brainkm.db.migrate Applying migration 002_temporal_lite
2026-07-19T17:22:35 INFO brainkm.db.migrate Applying migration 003_temporal_forgotten
2026-07-19T17:22:35 INFO brainkm.db.migrate Applying migration 004_session_snapshots
2026-07-19T17:22:35 INFO brainkm.db.migrate Applying migration 005_session_activity
2026-07-19T17:22:35 INFO brainkm.db.migrate Applying migration 006_semantic_embeddings
2026-07-19T17:22:35 INFO brainkm.db.migrate Applying migration 007_nodal_edges
2026-07-19T17:22:36 INFO brainkm.db.migrate Applying migration 001_initial
2026-07-19T17:22:36 INFO brainkm.db.migrate Applying migration 002_temporal_lite
2026-07-19T17:22:36 INFO brainkm.db.migrate Applying migration 003_temporal_forgotten
2026-07-19T17:22:36 INFO brainkm.db.migrate Applying migration 004_session_snapshots
2026-07-19T17:22:36 INFO brainkm.db.migrate Applying migration 005_session_activity
2026-07-19T17:22:36 INFO brainkm.db.migrate Applying migration 006_semantic_embeddings
2026-07-19T17:22:36 INFO brainkm.db.migrate Applying migration 007_nodal_edges
2026-07-19T17:22:36 INFO brainkm.db.migrate Applying migration 001_initial
2026-07-19T17:22:36 INFO brainkm.db.migrate Applying migration 002_temporal_lite
2026-07-19T17:22:36 INFO brainkm.db.migrate Applying migration 003_temporal_forgotten
2026-07-19T17:22:36 INFO brainkm.db.migrate Applying migration 004_session_snapshots
2026-07-19T17:22:36 INFO brainkm.db.migrate Applying migration 005_session_activity
2026-07-19T17:22:36 INFO brainkm.db.migrate Applying migration 006_semantic_embeddings
2026-07-19T17:22:36 INFO brainkm.db.migrate Applying migration 007_nodal_edges
2026-07-19T17:22:36 INFO brainkm.db.migrate Applying migration 001_initial
2026-07-19T17:22:36 INFO brainkm.db.migrate Applying migration 002_temporal_lite
2026-07-19T17:22:36 INFO brainkm.db.migrate Applying migration 003_temporal_forgotten
2026-07-19T17:22:36 INFO brainkm.db.migrate Applying migration 004_session_snapshots
2026-07-19T17:22:36 INFO brainkm.db.migrate Applying migration 005_session_activity
2026-07-19T17:22:36 INFO brainkm.db.migrate Applying migration 006_semantic_embeddings
2026-07-19T17:22:36 INFO brainkm.db.migrate Applying migration 007_nodal_edges
2026-07-19T17:22:36 INFO brainkm.db.migrate Applying migration 001_initial
2026-07-19T17:22:36 INFO brainkm.db.migrate Applying migration 002_temporal_lite
2026-07-19T17:22:36 INFO brainkm.db.migrate Applying migration 003_temporal_forgotten
2026-07-19T17:22:36 INFO brainkm.db.migrate Applying migration 004_session_snapshots
2026-07-19T17:22:36 INFO brainkm.db.migrate Applying migration 005_session_activity
2026-07-19T17:22:36 INFO brainkm.db.migrate Applying migration 006_semantic_embeddings
2026-07-19T17:22:36 INFO brainkm.db.migrate Applying migration 007_nodal_edges
2026-07-19T17:22:37 INFO brainkm.db.migrate Applying migration 001_initial
2026-07-19T17:22:37 INFO brainkm.db.migrate Applying migration 002_temporal_lite
2026-07-19T17:22:37 INFO brainkm.db.migrate Applying migration 003_temporal_forgotten
2026-07-19T17:22:37 INFO brainkm.db.migrate Applying migration 004_session_snapshots
2026-07-19T17:22:37 INFO brainkm.db.migrate Applying migration 005_session_activity
2026-07-19T17:22:37 INFO brainkm.db.migrate Applying migration 006_semantic_embeddings
2026-07-19T17:22:37 INFO brainkm.db.migrate Applying migration 007_nodal_edges
2026-07-19T17:22:37 INFO brainkm.db.migrate Applying migration 001_initial
2026-07-19T17:22:37 INFO brainkm.db.migrate Applying migration 002_temporal_lite
2026-07-19T17:22:37 INFO brainkm.db.migrate Applying migration 003_temporal_forgotten
2026-07-19T17:22:37 INFO brainkm.db.migrate Applying migration 004_session_snapshots
2026-07-19T17:22:37 INFO brainkm.db.migrate Applying migration 005_session_activity
2026-07-19T17:22:37 INFO brainkm.db.migrate Applying migration 006_semantic_embeddings
2026-07-19T17:22:37 INFO brainkm.db.migrate Applying migration 007_nodal_edges
2026-07-19T17:22:37 INFO brainkm.db.migrate Applying migration 001_initial
2026-07-19T17:22:37 INFO brainkm.db.migrate Applying migration 002_temporal_lite
2026-07-19T17:22:37 INFO brainkm.db.migrate Applying migration 003_temporal_forgotten
2026-07-19T17:22:37 INFO brainkm.db.migrate Applying migration 004_session_snapshots
2026-07-19T17:22:37 INFO brainkm.db.migrate Applying migration 005_session_activity
2026-07-19T17:22:37 INFO brainkm.db.migrate Applying migration 006_semantic_embeddings
2026-07-19T17:22:37 INFO brainkm.db.migrate Applying migration 007_nodal_edges
2026-07-19T17:22:38 INFO brainkm.db.migrate Applying migration 001_initial
2026-07-19T17:22:38 INFO brainkm.db.migrate Applying migration 002_temporal_lite
2026-07-19T17:22:38 INFO brainkm.db.migrate Applying migration 003_temporal_forgotten
2026-07-19T17:22:38 INFO brainkm.db.migrate Applying migration 004_session_snapshots
2026-07-19T17:22:38 INFO brainkm.db.migrate Applying migration 005_session_activity
2026-07-19T17:22:38 INFO brainkm.db.migrate Applying migration 006_semantic_embeddings
2026-07-19T17:22:38 INFO brainkm.db.migrate Applying migration 007_nodal_edges
2026-07-19T17:22:38 INFO brainkm.db.migrate Applying migration 001_initial
2026-07-19T17:22:38 INFO brainkm.db.migrate Applying migration 002_temporal_lite
2026-07-19T17:22:38 INFO brainkm.db.migrate Applying migration 003_temporal_forgotten
2026-07-19T17:22:38 INFO brainkm.db.migrate Applying migration 004_session_snapshots
2026-07-19T17:22:38 INFO brainkm.db.migrate Applying migration 005_session_activity
2026-07-19T17:22:38 INFO brainkm.db.migrate Applying migration 006_semantic_embeddings
2026-07-19T17:22:38 INFO brainkm.db.migrate Applying migration 007_nodal_edges
2026-07-19T17:22:38 INFO brainkm.db.migrate Applying migration 001_initial
2026-07-19T17:22:38 INFO brainkm.db.migrate Applying migration 002_temporal_lite
2026-07-19T17:22:38 INFO brainkm.db.migrate Applying migration 003_temporal_forgotten
2026-07-19T17:22:38 INFO brainkm.db.migrate Applying migration 004_session_snapshots
2026-07-19T17:22:38 INFO brainkm.db.migrate Applying migration 005_session_activity
2026-07-19T17:22:38 INFO brainkm.db.migrate Applying migration 006_semantic_embeddings
2026-07-19T17:22:38 INFO brainkm.db.migrate Applying migration 007_nodal_edges
2026-07-19T17:22:38 INFO brainkm.db.migrate Applying migration 001_initial
2026-07-19T17:22:38 INFO brainkm.db.migrate Applying migration 002_temporal_lite
2026-07-19T17:22:38 INFO brainkm.db.migrate Applying migration 003_temporal_forgotten
2026-07-19T17:22:38 INFO brainkm.db.migrate Applying migration 004_session_snapshots
2026-07-19T17:22:38 INFO brainkm.db.migrate Applying migration 005_session_activity
2026-07-19T17:22:38 INFO brainkm.db.migrate Applying migration 006_semantic_embeddings
2026-07-19T17:22:38 INFO brainkm.db.migrate Applying migration 007_nodal_edges
2026-07-19T17:22:39 INFO brainkm.db.migrate Applying migration 001_initial
2026-07-19T17:22:39 INFO brainkm.db.migrate Applying migration 002_temporal_lite
2026-07-19T17:22:39 INFO brainkm.db.migrate Applying migration 003_temporal_forgotten
2026-07-19T17:22:39 INFO brainkm.db.migrate Applying migration 004_session_snapshots
2026-07-19T17:22:39 INFO brainkm.db.migrate Applying migration 005_session_activity
2026-07-19T17:22:39 INFO brainkm.db.migrate Applying migration 006_semantic_embeddings
2026-07-19T17:22:39 INFO brainkm.db.migrate Applying migration 007_nodal_edges
2026-07-19T17:22:39 INFO brainkm.db.migrate Applying migration 001_initial
2026-07-19T17:22:39 INFO brainkm.db.migrate Applying migration 002_temporal_lite
2026-07-19T17:22:39 INFO brainkm.db.migrate Applying migration 003_temporal_forgotten
2026-07-19T17:22:39 INFO brainkm.db.migrate Applying migration 004_session_snapshots
2026-07-19T17:22:39 INFO brainkm.db.migrate Applying migration 005_session_activity
2026-07-19T17:22:39 INFO brainkm.db.migrate Applying migration 006_semantic_embeddings
2026-07-19T17:22:39 INFO brainkm.db.migrate Applying migration 007_nodal_edges
2026-07-19T17:22:39 INFO brainkm.db.migrate Applying migration 001_initial
2026-07-19T17:22:39 INFO brainkm.db.migrate Applying migration 002_temporal_lite
2026-07-19T17:22:39 INFO brainkm.db.migrate Applying migration 003_temporal_forgotten
2026-07-19T17:22:39 INFO brainkm.db.migrate Applying migration 004_session_snapshots
2026-07-19T17:22:39 INFO brainkm.db.migrate Applying migration 005_session_activity
2026-07-19T17:22:39 INFO brainkm.db.migrate Applying migration 006_semantic_embeddings
2026-07-19T17:22:39 INFO brainkm.db.migrate Applying migration 007_nodal_edges
2026-07-19T17:22:39 INFO brainkm.db.migrate Applying migration 001_initial
2026-07-19T17:22:39 INFO brainkm.db.migrate Applying migration 002_temporal_lite
2026-07-19T17:22:39 INFO brainkm.db.migrate Applying migration 003_temporal_forgotten
2026-07-19T17:22:39 INFO brainkm.db.migrate Applying migration 004_session_snapshots
2026-07-19T17:22:39 INFO brainkm.db.migrate Applying migration 005_session_activity
2026-07-19T17:22:39 INFO brainkm.db.migrate Applying migration 006_semantic_embeddings
2026-07-19T17:22:39 INFO brainkm.db.migrate Applying migration 007_nodal_edges
2026-07-19T17:22:40 INFO brainkm.db.migrate Applying migration 001_initial
2026-07-19T17:22:40 INFO brainkm.db.migrate Applying migration 002_temporal_lite
2026-07-19T17:22:40 INFO brainkm.db.migrate Applying migration 003_temporal_forgotten
2026-07-19T17:22:40 INFO brainkm.db.migrate Applying migration 004_session_snapshots
2026-07-19T17:22:40 INFO brainkm.db.migrate Applying migration 005_session_activity
2026-07-19T17:22:40 INFO brainkm.db.migrate Applying migration 006_semantic_embeddings
2026-07-19T17:22:40 INFO brainkm.db.migrate Applying migration 007_nodal_edges
2026-07-19T17:22:40 INFO brainkm.db.migrate Applying migration 001_initial
2026-07-19T17:22:40 INFO brainkm.db.migrate Applying migration 002_temporal_lite
2026-07-19T17:22:40 INFO brainkm.db.migrate Applying migration 003_temporal_forgotten
2026-07-19T17:22:40 INFO brainkm.db.migrate Applying migration 004_session_snapshots
2026-07-19T17:22:40 INFO brainkm.db.migrate Applying migration 005_session_activity
2026-07-19T17:22:40 INFO brainkm.db.migrate Applying migration 006_semantic_embeddings
2026-07-19T17:22:40 INFO brainkm.db.migrate Applying migration 007_nodal_edges
2026-07-19T17:22:40 INFO brainkm.db.migrate Applying migration 001_initial
2026-07-19T17:22:40 INFO brainkm.db.migrate Applying migration 002_temporal_lite
2026-07-19T17:22:40 INFO brainkm.db.migrate Applying migration 003_temporal_forgotten
2026-07-19T17:22:40 INFO brainkm.db.migrate Applying migration 004_session_snapshots
2026-07-19T17:22:40 INFO brainkm.db.migrate Applying migration 005_session_activity
2026-07-19T17:22:40 INFO brainkm.db.migrate Applying migration 006_semantic_embeddings
2026-07-19T17:22:40 INFO brainkm.db.migrate Applying migration 007_nodal_edges
2026-07-19T17:22:40 INFO brainkm.db.migrate Applying migration 001_initial
2026-07-19T17:22:40 INFO brainkm.db.migrate Applying migration 002_temporal_lite
2026-07-19T17:22:40 INFO brainkm.db.migrate Applying migration 003_temporal_forgotten
2026-07-19T17:22:40 INFO brainkm.db.migrate Applying migration 004_session_snapshots
2026-07-19T17:22:40 INFO brainkm.db.migrate Applying migration 005_session_activity
2026-07-19T17:22:40 INFO brainkm.db.migrate Applying migration 006_semantic_embeddings
2026-07-19T17:22:40 INFO brainkm.db.migrate Applying migration 007_nodal_edges
2026-07-19T17:22:41 INFO brainkm.db.migrate Applying migration 001_initial
2026-07-19T17:22:41 INFO brainkm.db.migrate Applying migration 002_temporal_lite
2026-07-19T17:22:41 INFO brainkm.db.migrate Applying migration 003_temporal_forgotten
2026-07-19T17:22:41 INFO brainkm.db.migrate Applying migration 004_session_snapshots
2026-07-19T17:22:41 INFO brainkm.db.migrate Applying migration 005_session_activity
2026-07-19T17:22:41 INFO brainkm.db.migrate Applying migration 006_semantic_embeddings
2026-07-19T17:22:41 INFO brainkm.db.migrate Applying migration 007_nodal_edges
2026-07-19T17:22:41 INFO brainkm.db.migrate Applying migration 001_initial
2026-07-19T17:22:41 INFO brainkm.db.migrate Applying migration 002_temporal_lite
2026-07-19T17:22:41 INFO brainkm.db.migrate Applying migration 003_temporal_forgotten
2026-07-19T17:22:41 INFO brainkm.db.migrate Applying migration 004_session_snapshots
2026-07-19T17:22:41 INFO brainkm.db.migrate Applying migration 005_session_activity
2026-07-19T17:22:41 INFO brainkm.db.migrate Applying migration 006_semantic_embeddings
2026-07-19T17:22:41 INFO brainkm.db.migrate Applying migration 007_nodal_edges
2026-07-19T17:22:41 INFO brainkm.db.migrate Applying migration 001_initial
2026-07-19T17:22:41 INFO brainkm.db.migrate Applying migration 002_temporal_lite
2026-07-19T17:22:41 INFO brainkm.db.migrate Applying migration 003_temporal_forgotten
2026-07-19T17:22:41 INFO brainkm.db.migrate Applying migration 004_session_snapshots
2026-07-19T17:22:41 INFO brainkm.db.migrate Applying migration 005_session_activity
2026-07-19T17:22:41 INFO brainkm.db.migrate Applying migration 006_semantic_embeddings
2026-07-19T17:22:41 INFO brainkm.db.migrate Applying migration 007_nodal_edges
2026-07-19T17:22:42 INFO brainkm.db.migrate Applying migration 001_initial
2026-07-19T17:22:42 INFO brainkm.db.migrate Applying migration 002_temporal_lite
2026-07-19T17:22:42 INFO brainkm.db.migrate Applying migration 003_temporal_forgotten
2026-07-19T17:22:42 INFO brainkm.db.migrate Applying migration 004_session_snapshots
2026-07-19T17:22:42 INFO brainkm.db.migrate Applying migration 005_session_activity
2026-07-19T17:22:42 INFO brainkm.db.migrate Applying migration 006_semantic_embeddings
2026-07-19T17:22:42 INFO brainkm.db.migrate Applying migration 007_nodal_edges
2026-07-19T17:22:42 INFO brainkm.db.migrate Applying migration 001_initial
2026-07-19T17:22:42 INFO brainkm.db.migrate Applying migration 002_temporal_lite
2026-07-19T17:22:42 INFO brainkm.db.migrate Applying migration 003_temporal_forgotten
2026-07-19T17:22:42 INFO brainkm.db.migrate Applying migration 004_session_snapshots
2026-07-19T17:22:42 INFO brainkm.db.migrate Applying migration 005_session_activity
2026-07-19T17:22:42 INFO brainkm.db.migrate Applying migration 006_semantic_embeddings
2026-07-19T17:22:42 INFO brainkm.db.migrate Applying migration 007_nodal_edges
2026-07-19T17:22:42 INFO brainkm.db.migrate Applying migration 001_initial
2026-07-19T17:22:42 INFO brainkm.db.migrate Applying migration 002_temporal_lite
2026-07-19T17:22:42 INFO brainkm.db.migrate Applying migration 003_temporal_forgotten
2026-07-19T17:22:42 INFO brainkm.db.migrate Applying migration 004_session_snapshots
2026-07-19T17:22:42 INFO brainkm.db.migrate Applying migration 005_session_activity
2026-07-19T17:22:42 INFO brainkm.db.migrate Applying migration 006_semantic_embeddings
2026-07-19T17:22:42 INFO brainkm.db.migrate Applying migration 007_nodal_edges
2026-07-19T17:22:42 INFO brainkm.db.migrate Applying migration 001_initial
2026-07-19T17:22:42 INFO brainkm.db.migrate Applying migration 002_temporal_lite
2026-07-19T17:22:42 INFO brainkm.db.migrate Applying migration 003_temporal_forgotten
2026-07-19T17:22:42 INFO brainkm.db.migrate Applying migration 004_session_snapshots
2026-07-19T17:22:42 INFO brainkm.db.migrate Applying migration 005_session_activity
2026-07-19T17:22:42 INFO brainkm.db.migrate Applying migration 006_semantic_embeddings
2026-07-19T17:22:42 INFO brainkm.db.migrate Applying migration 007_nodal_edges
2026-07-19T17:22:43 INFO brainkm.db.migrate Applying migration 001_initial
2026-07-19T17:22:43 INFO brainkm.db.migrate Applying migration 002_temporal_lite
2026-07-19T17:22:43 INFO brainkm.db.migrate Applying migration 003_temporal_forgotten
2026-07-19T17:22:43 INFO brainkm.db.migrate Applying migration 004_session_snapshots
2026-07-19T17:22:43 INFO brainkm.db.migrate Applying migration 005_session_activity
2026-07-19T17:22:43 INFO brainkm.db.migrate Applying migration 006_semantic_embeddings
2026-07-19T17:22:43 INFO brainkm.db.migrate Applying migration 007_nodal_edges
2026-07-19T17:22:43 INFO brainkm.db.migrate Applying migration 001_initial
2026-07-19T17:22:43 INFO brainkm.db.migrate Applying migration 002_temporal_lite
2026-07-19T17:22:43 INFO brainkm.db.migrate Applying migration 003_temporal_forgotten
2026-07-19T17:22:43 INFO brainkm.db.migrate Applying migration 004_session_snapshots
2026-07-19T17:22:43 INFO brainkm.db.migrate Applying migration 005_session_activity
2026-07-19T17:22:43 INFO brainkm.db.migrate Applying migration 006_semantic_embeddings
2026-07-19T17:22:43 INFO brainkm.db.migrate Applying migration 007_nodal_edges
2026-07-19T17:22:43 INFO brainkm.db.migrate Applying migration 001_initial
2026-07-19T17:22:43 INFO brainkm.db.migrate Applying migration 002_temporal_lite
2026-07-19T17:22:43 INFO brainkm.db.migrate Applying migration 003_temporal_forgotten
2026-07-19T17:22:43 INFO brainkm.db.migrate Applying migration 004_session_snapshots
2026-07-19T17:22:43 INFO brainkm.db.migrate Applying migration 005_session_activity
2026-07-19T17:22:43 INFO brainkm.db.migrate Applying migration 006_semantic_embeddings
2026-07-19T17:22:43 INFO brainkm.db.migrate Applying migration 007_nodal_edges
2026-07-19T17:22:43 INFO brainkm.db.migrate Applying migration 001_initial
2026-07-19T17:22:43 INFO brainkm.db.migrate Applying migration 002_temporal_lite
2026-07-19T17:22:43 INFO brainkm.db.migrate Applying migration 003_temporal_forgotten
2026-07-19T17:22:43 INFO brainkm.db.migrate Applying migration 004_session_snapshots
2026-07-19T17:22:43 INFO brainkm.db.migrate Applying migration 005_session_activity
2026-07-19T17:22:43 INFO brainkm.db.migrate Applying migration 006_semantic_embeddings
2026-07-19T17:22:43 INFO brainkm.db.migrate Applying migration 007_nodal_edges
2026-07-19T17:22:44 INFO brainkm.db.migrate Applying migration 001_initial
2026-07-19T17:22:44 INFO brainkm.db.migrate Applying migration 002_temporal_lite
2026-07-19T17:22:44 INFO brainkm.db.migrate Applying migration 003_temporal_forgotten
2026-07-19T17:22:44 INFO brainkm.db.migrate Applying migration 004_session_snapshots
2026-07-19T17:22:44 INFO brainkm.db.migrate Applying migration 005_session_activity
2026-07-19T17:22:44 INFO brainkm.db.migrate Applying migration 006_semantic_embeddings
2026-07-19T17:22:44 INFO brainkm.db.migrate Applying migration 007_nodal_edges
2026-07-19T17:22:44 INFO brainkm.db.migrate Applying migration 001_initial
2026-07-19T17:22:44 INFO brainkm.db.migrate Applying migration 002_temporal_lite
2026-07-19T17:22:44 INFO brainkm.db.migrate Applying migration 003_temporal_forgotten
2026-07-19T17:22:44 INFO brainkm.db.migrate Applying migration 004_session_snapshots
2026-07-19T17:22:44 INFO brainkm.db.migrate Applying migration 005_session_activity
2026-07-19T17:22:44 INFO brainkm.db.migrate Applying migration 006_semantic_embeddings
2026-07-19T17:22:44 INFO brainkm.db.migrate Applying migration 007_nodal_edges
2026-07-19T17:22:44 INFO brainkm.db.migrate Applying migration 001_initial
2026-07-19T17:22:44 INFO brainkm.db.migrate Applying migration 002_temporal_lite
2026-07-19T17:22:44 INFO brainkm.db.migrate Applying migration 003_temporal_forgotten
2026-07-19T17:22:44 INFO brainkm.db.migrate Applying migration 004_session_snapshots
2026-07-19T17:22:44 INFO brainkm.db.migrate Applying migration 005_session_activity
2026-07-19T17:22:44 INFO brainkm.db.migrate Applying migration 006_semantic_embeddings
2026-07-19T17:22:44 INFO brainkm.db.migrate Applying migration 007_nodal_edges
2026-07-19T17:22:45 INFO brainkm.db.migrate Applying migration 001_initial
2026-07-19T17:22:45 INFO brainkm.db.migrate Applying migration 002_temporal_lite
2026-07-19T17:22:45 INFO brainkm.db.migrate Applying migration 003_temporal_forgotten
2026-07-19T17:22:45 INFO brainkm.db.migrate Applying migration 004_session_snapshots
2026-07-19T17:22:45 INFO brainkm.db.migrate Applying migration 005_session_activity
2026-07-19T17:22:45 INFO brainkm.db.migrate Applying migration 006_semantic_embeddings
2026-07-19T17:22:45 INFO brainkm.db.migrate Applying migration 007_nodal_edges
Suite longmemeval: 510/510 (100%)
  [PASS] aggregate/recall_at_5: 0.908 (n=500, dataset=longmemeval_s_cleaned.json, mode=fts-chunked)
  [PASS] aggregate/recall_at_10: 0.926
  [PASS] aggregate/precision_at_5: 0.402
  [PASS] aggregate/mrr: 0.834
  [FAIL] single-session-user/e47becba: r@5=0 r@10=0 p@5=0.000 mrr=0.000
  [PASS] single-session-user/118b2229: r@5=1 r@10=1 p@5=0.200 mrr=1.000
  [PASS] single-session-user/51a45a95: r@5=1 r@10=1 p@5=0.333 mrr=1.000
  [PASS] single-session-user/58bf7951: r@5=1 r@10=1 p@5=0.200 mrr=1.000
  [PASS] single-session-user/1e043500: r@5=1 r@10=1 p@5=0.200 mrr=1.000
  [PASS] single-session-user/c5e8278d: r@5=1 r@10=1 p@5=0.200 mrr=1.000
  [PASS] single-session-user/6ade9755: r@5=1 r@10=1 p@5=0.333 mrr=1.000
  [PASS] single-session-user/6f9b354f: r@5=1 r@10=1 p@5=0.200 mrr=1.000
  [PASS] single-session-user/58ef2f1c: r@5=1 r@10=1 p@5=0.333 mrr=1.000
  [PASS] single-session-user/f8c5f88b: r@5=1 r@10=1 p@5=0.200 mrr=1.000
  [PASS] single-session-user/5d3d2817: r@5=1 r@10=1 p@5=0.250 mrr=0.250
  [PASS] single-session-user/7527f7e2: r@5=1 r@10=1 p@5=0.200 mrr=1.000
  [PASS] single-session-user/c960da58: r@5=1 r@10=1 p@5=0.200 mrr=1.000
  [FAIL] single-session-user/3b6f954b: r@5=0 r@10=0 p@5=0.000 mrr=0.000
  [FAIL] single-session-user/726462e0: r@5=0 r@10=0 p@5=0.000 mrr=0.000
  [PASS] single-session-user/94f70d80: r@5=1 r@10=1 p@5=0.200 mrr=1.000
  [PASS] single-session-user/66f24dbb: r@5=1 r@10=1 p@5=1.000 mrr=1.000
  [FAIL] single-session-user/ad7109d1: r@5=0 r@10=0 p@5=0.000 mrr=0.000
  [PASS] single-session-user/af8d2e46: r@5=1 r@10=1 p@5=0.200 mrr=1.000
  [PASS] single-session-user/dccbc061: r@5=1 r@10=1 p@5=0.200 mrr=1.000
  [PASS] single-session-user/c8c3f81d: r@5=1 r@10=1 p@5=0.200 mrr=1.000
  [PASS] single-session-user/8ebdbe50: r@5=1 r@10=1 p@5=0.200 mrr=1.000
  [PASS] single-session-user/6b168ec8: r@5=1 r@10=1 p@5=0.250 mrr=1.000
  [PASS] single-session-user/75499fd8: r@5=1 r@10=1 p@5=0.250 mrr=1.000
  [PASS] single-session-user/21436231: r@5=1 r@10=1 p@5=0.500 mrr=1.000
  [PASS] single-session-user/95bcc1c8: r@5=1 r@10=1 p@5=0.200 mrr=1.000
  [PASS] single-session-user/0862e8bf: r@5=1 r@10=1 p@5=0.333 mrr=1.000
  [PASS] single-session-user/853b0a1d: r@5=1 r@10=1 p@5=0.250 mrr=0.250
  [PASS] single-session-user/a06e4cfe: r@5=1 r@10=1 p@5=0.333 mrr=1.000
  [PASS] single-session-user/37d43f65: r@5=1 r@10=1 p@5=0.500 mrr=1.000
  [FAIL] single-session-user/b86304ba: r@5=0 r@10=0 p@5=0.000 mrr=0.000
  [PASS] single-session-user/d52b4f67: r@5=1 r@10=1 p@5=0.200 mrr=1.000
  [PASS] single-session-user/25e5aa4f: r@5=1 r@10=1 p@5=0.250 mrr=1.000
  [PASS] single-session-user/caf9ead2: r@5=1 r@10=1 p@5=0.200 mrr=1.000
  [PASS] single-session-user/8550ddae: r@5=1 r@10=1 p@5=0.200 mrr=1.000
  [FAIL] single-session-user/60d45044: r@5=0 r@10=0 p@5=0.000 mrr=0.000
  [PASS] single-session-user/3f1e9474: r@5=1 r@10=1 p@5=0.250 mrr=1.000
  [PASS] single-session-user/86b68151: r@5=1 r@10=1 p@5=0.200 mrr=0.250
  [FAIL] single-session-user/577d4d32: r@5=0 r@10=0 p@5=0.000 mrr=0.000
  [PASS] single-session-user/ec81a493: r@5=1 r@10=1 p@5=0.200 mrr=1.000
  [PASS] single-session-user/15745da0: r@5=1 r@10=1 p@5=0.250 mrr=1.000
  [PASS] single-session-user/e01b8e2f: r@5=1 r@10=1 p@5=0.200 mrr=1.000
  [PASS] single-session-user/bc8a6e93: r@5=1 r@10=1 p@5=0.200 mrr=1.000
  [PASS] single-session-user/ccb36322: r@5=1 r@10=1 p@5=0.200 mrr=1.000
  [PASS] single-session-user/001be529: r@5=1 r@10=1 p@5=0.200 mrr=0.500
  [PASS] single-session-user/b320f3f8: r@5=1 r@10=1 p@5=0.200 mrr=1.000
  [PASS] single-session-user/19b5f2b3: r@5=1 r@10=1 p@5=0.200 mrr=1.000
  [PASS] single-session-user/4fd1909e: r@5=1 r@10=1 p@5=0.250 mrr=1.000
  [PASS] single-session-user/545bd2b5: r@5=1 r@10=1 p@5=0.200 mrr=1.000
  [PASS] single-session-user/8a137a7f: r@5=1 r@10=1 p@5=0.250 mrr=1.000
  [PASS] single-session-user/76d63226: r@5=1 r@10=1 p@5=0.250 mrr=0.333
  [PASS] single-session-user/86f00804: r@5=1 r@10=1 p@5=0.500 mrr=1.000
  [PASS] single-session-user/8e9d538c: r@5=1 r@10=1 p@5=1.000 mrr=1.000
  [PASS] single-session-user/311778f1: r@5=1 r@10=1 p@5=0.200 mrr=1.000
  [PASS] single-session-user/c19f7a0b: r@5=1 r@10=1 p@5=0.200 mrr=1.000
  [PASS] single-session-user/4100d0a0: r@5=1 r@10=1 p@5=0.200 mrr=1.000
  [PASS] single-session-user/29f2956b: r@5=1 r@10=1 p@5=0.333 mrr=1.000
  [PASS] single-session-user/1faac195: r@5=1 r@10=1 p@5=0.200 mrr=1.000
  [PASS] single-session-user/faba32e5: r@5=1 r@10=1 p@5=0.250 mrr=1.000
  [PASS] single-session-user/f4f1d8a4: r@5=1 r@10=1 p@5=0.250 mrr=1.000
  [FAIL] single-session-user/c14c00dd: r@5=0 r@10=0 p@5=0.000 mrr=0.000
  [PASS] single-session-user/36580ce8: r@5=1 r@10=1 p@5=0.200 mrr=0.333
  [PASS] single-session-user/3d86fd0a: r@5=1 r@10=1 p@5=0.333 mrr=1.000
  [PASS] single-session-user/a82c026e: r@5=1 r@10=1 p@5=0.200 mrr=1.000
  [FAIL] single-session-user/0862e8bf_abs: r@5=0 r@10=0 p@5=0.000 mrr=0.000
  [PASS] single-session-user/15745da0_abs: r@5=1 r@10=1 p@5=0.200 mrr=1.000
  [PASS] single-session-user/bc8a6e93_abs: r@5=1 r@10=1 p@5=0.200 mrr=1.000
  [FAIL] single-session-user/19b5f2b3_abs: r@5=0 r@10=0 p@5=0.000 mrr=0.000
  [FAIL] single-session-user/29f2956b_abs: r@5=0 r@10=0 p@5=0.000 mrr=0.000
  [PASS] single-session-user/f4f1d8a4_abs: r@5=1 r@10=1 p@5=0.333 mrr=1.000
  [PASS] multi-session/0a995998: r@5=1 r@10=1 p@5=0.600 mrr=1.000
  [PASS] multi-session/6d550036: r@5=1 r@10=1 p@5=0.200 mrr=1.000
  [PASS] multi-session/gpt4_59c863d7: r@5=1 r@10=1 p@5=0.600 mrr=1.000
  [PASS] multi-session/b5ef892d: r@5=1 r@10=1 p@5=0.600 mrr=1.000
  [PASS] multi-session/e831120c: r@5=1 r@10=1 p@5=1.000 mrr=1.000
  [PASS] multi-session/3a704032: r@5=1 r@10=1 p@5=0.200 mrr=0.500
  [PASS] multi-session/gpt4_d84a3211: r@5=1 r@10=1 p@5=0.800 mrr=1.000
  [PASS] multi-session/aae3761f: r@5=1 r@10=1 p@5=0.750 mrr=1.000
  [PASS] multi-session/gpt4_f2262a51: r@5=1 r@10=1 p@5=0.200 mrr=0.250
  [PASS] multi-session/dd2973ad: r@5=1 r@10=1 p@5=0.400 mrr=0.500
  [PASS] multi-session/c4a1ceb8: r@5=1 r@10=1 p@5=0.750 mrr=1.000
  [PASS] multi-session/gpt4_a56e767c: r@5=1 r@10=1 p@5=0.400 mrr=1.000
  [PASS] multi-session/6cb6f249: r@5=1 r@10=1 p@5=0.667 mrr=1.000
  [PASS] multi-session/46a3abf7: r@5=1 r@10=1 p@5=0.600 mrr=1.000
  [PASS] multi-session/36b9f61e: r@5=1 r@10=1 p@5=1.000 mrr=1.000
  [PASS] multi-session/28dc39ac: r@5=1 r@10=1 p@5=0.600 mrr=1.000
  [FAIL] multi-session/gpt4_2f8be40d: r@5=0 r@10=1 p@5=0.000 mrr=0.167
  [PASS] multi-session/2e6d26dc: r@5=1 r@10=1 p@5=1.000 mrr=1.000
  [PASS] multi-session/gpt4_15e38248: r@5=1 r@10=1 p@5=0.400 mrr=0.500
  [PASS] multi-session/88432d0a: r@5=1 r@10=1 p@5=0.200 mrr=0.200
  [PASS] multi-session/80ec1f4f: r@5=1 r@10=1 p@5=0.600 mrr=1.000
  [PASS] multi-session/d23cf73b: r@5=1 r@10=1 p@5=0.400 mrr=1.000
  [PASS] multi-session/gpt4_7fce9456: r@5=1 r@10=1 p@5=0.600 mrr=1.000
  [PASS] multi-session/d682f1a2: r@5=1 r@10=1 p@5=0.400 mrr=1.000
  [PASS] multi-session/7024f17c: r@5=1 r@10=1 p@5=0.400 mrr=0.333
  [PASS] multi-session/gpt4_5501fe77: r@5=1 r@10=1 p@5=0.500 mrr=1.000
  [PASS] multi-session/gpt4_2ba83207: r@5=1 r@10=1 p@5=0.600 mrr=1.000
  [PASS] multi-session/2318644b: r@5=1 r@10=1 p@5=0.200 mrr=1.000
  [FAIL] multi-session/2ce6a0f2: r@5=0 r@10=1 p@5=0.000 mrr=0.167
  [PASS] multi-session/gpt4_d12ceb0e: r@5=1 r@10=1 p@5=0.400 mrr=0.500
  [PASS] multi-session/00ca467f: r@5=1 r@10=1 p@5=0.400 mrr=1.000
  [PASS] multi-session/b3c15d39: r@5=1 r@10=1 p@5=0.400 mrr=1.000
  [PASS] multi-session/gpt4_31ff4165: r@5=1 r@10=1 p@5=0.600 mrr=1.000
  [PASS] multi-session/eeda8a6d: r@5=1 r@10=1 p@5=0.400 mrr=1.000
  [PASS] multi-session/2788b940: r@5=1 r@10=1 p@5=0.400 mrr=1.000
  [PASS] multi-session/60bf93ed: r@5=1 r@10=1 p@5=0.400 mrr=1.000
  [PASS] multi-session/9d25d4e0: r@5=1 r@10=1 p@5=0.600 mrr=1.000
  [PASS] multi-session/129d1232: r@5=1 r@10=1 p@5=0.600 mrr=1.000
  [PASS] multi-session/60472f9c: r@5=1 r@10=1 p@5=0.600 mrr=1.000
  [PASS] multi-session/gpt4_194be4b3: r@5=1 r@10=1 p@5=0.400 mrr=0.500
  [PASS] multi-session/a9f6b44c: r@5=1 r@10=1 p@5=0.750 mrr=1.000
  [PASS] multi-session/d851d5ba: r@5=1 r@10=1 p@5=0.800 mrr=1.000
  [PASS] multi-session/5a7937c8: r@5=1 r@10=1 p@5=0.500 mrr=1.000
  [PASS] multi-session/gpt4_ab202e7f: r@5=1 r@10=1 p@5=0.400 mrr=1.000
  [PASS] multi-session/gpt4_e05b82a6: r@5=1 r@10=1 p@5=0.600 mrr=1.000
  [PASS] multi-session/gpt4_731e37d7: r@5=1 r@10=1 p@5=0.600 mrr=1.000
  [PASS] multi-session/edced276: r@5=1 r@10=1 p@5=0.400 mrr=1.000
  [PASS] multi-session/10d9b85a: r@5=1 r@10=1 p@5=0.500 mrr=1.000
  [PASS] multi-session/e3038f8c: r@5=1 r@10=1 p@5=0.800 mrr=0.500
  [PASS] multi-session/2b8f3739: r@5=1 r@10=1 p@5=0.600 mrr=1.000
  [PASS] multi-session/1a8a66a6: r@5=1 r@10=1 p@5=0.400 mrr=1.000
  [PASS] multi-session/c2ac3c61: r@5=1 r@10=1 p@5=0.400 mrr=1.000
  [PASS] multi-session/bf659f65: r@5=1 r@10=1 p@5=0.400 mrr=1.000
  [PASS] multi-session/gpt4_372c3eed: r@5=1 r@10=1 p@5=0.200 mrr=1.000
  [PASS] multi-session/gpt4_2f91af09: r@5=1 r@10=1 p@5=0.750 mrr=1.000
  [PASS] multi-session/81507db6: r@5=1 r@10=1 p@5=0.800 mrr=1.000
  [PASS] multi-session/88432d0a_abs: r@5=1 r@10=1 p@5=0.400 mrr=0.333
  [PASS] multi-session/80ec1f4f_abs: r@5=1 r@10=1 p@5=0.600 mrr=1.000
  [PASS] multi-session/eeda8a6d_abs: r@5=1 r@10=1 p@5=0.667 mrr=1.000
  [PASS] multi-session/60bf93ed_abs: r@5=1 r@10=1 p@5=0.400 mrr=1.000
  [PASS] multi-session/edced276_abs: r@5=1 r@10=1 p@5=0.400 mrr=0.500
  [PASS] multi-session/gpt4_372c3eed_abs: r@5=1 r@10=1 p@5=0.200 mrr=1.000
  [PASS] single-session-preference/8a2466db: r@5=1 r@10=1 p@5=0.200 mrr=1.000
  [PASS] single-session-preference/06878be2: r@5=1 r@10=1 p@5=0.200 mrr=1.000
  [FAIL] single-session-preference/75832dbd: r@5=0 r@10=0 p@5=0.000 mrr=0.000
  [PASS] single-session-preference/0edc2aef: r@5=1 r@10=1 p@5=0.200 mrr=0.500
  [PASS] single-session-preference/35a27287: r@5=1 r@10=1 p@5=0.200 mrr=0.500
  [FAIL] single-session-preference/32260d93: r@5=0 r@10=0 p@5=0.000 mrr=0.000
  [FAIL] single-session-preference/195a1a1b: r@5=0 r@10=0 p@5=0.000 mrr=0.000
  [PASS] single-session-preference/afdc33df: r@5=1 r@10=1 p@5=0.200 mrr=1.000
  [PASS] single-session-preference/caf03d32: r@5=1 r@10=1 p@5=0.200 mrr=1.000
  [PASS] single-session-preference/54026fce: r@5=1 r@10=1 p@5=0.200 mrr=0.500
  [FAIL] single-session-preference/06f04340: r@5=0 r@10=0 p@5=0.000 mrr=0.000
  [FAIL] single-session-preference/6b7dfb22: r@5=0 r@10=1 p@5=0.000 mrr=0.125
  [FAIL] single-session-preference/1a1907b4: r@5=0 r@10=0 p@5=0.000 mrr=0.000
  [FAIL] single-session-preference/09d032c9: r@5=0 r@10=0 p@5=0.000 mrr=0.000
  [FAIL] single-session-preference/38146c39: r@5=0 r@10=0 p@5=0.000 mrr=0.000
  [FAIL] single-session-preference/d24813b1: r@5=0 r@10=1 p@5=0.000 mrr=0.143
  [PASS] single-session-preference/57f827a0: r@5=1 r@10=1 p@5=0.200 mrr=0.200
  [FAIL] single-session-preference/95228167: r@5=0 r@10=0 p@5=0.000 mrr=0.000
  [FAIL] single-session-preference/505af2f5: r@5=0 r@10=1 p@5=0.000 mrr=0.167
  [PASS] single-session-preference/75f70248: r@5=1 r@10=1 p@5=0.200 mrr=0.333
  [FAIL] single-session-preference/d6233ab6: r@5=0 r@10=0 p@5=0.000 mrr=0.000
  [PASS] single-session-preference/1da05512: r@5=1 r@10=1 p@5=0.200 mrr=1.000
  [PASS] single-session-preference/fca70973: r@5=1 r@10=1 p@5=0.333 mrr=0.500
  [PASS] single-session-preference/b6025781: r@5=1 r@10=1 p@5=0.200 mrr=0.333
  [FAIL] single-session-preference/a89d7624: r@5=0 r@10=0 p@5=0.000 mrr=0.000
  [PASS] single-session-preference/b0479f84: r@5=1 r@10=1 p@5=0.200 mrr=1.000
  [PASS] single-session-preference/1d4e3b97: r@5=1 r@10=1 p@5=0.200 mrr=1.000
  [PASS] single-session-preference/07b6f563: r@5=1 r@10=1 p@5=0.200 mrr=0.500
  [PASS] single-session-preference/1c0ddc50: r@5=1 r@10=1 p@5=0.200 mrr=0.250
  [PASS] single-session-preference/0a34ad58: r@5=1 r@10=1 p@5=0.200 mrr=0.333
  [PASS] multi-session/d3ab962e: r@5=1 r@10=1 p@5=0.400 mrr=1.000
  [PASS] multi-session/2311e44b: r@5=1 r@10=1 p@5=1.000 mrr=1.000
  [PASS] multi-session/cc06de0d: r@5=1 r@10=1 p@5=1.000 mrr=1.000
  [PASS] multi-session/a11281a2: r@5=1 r@10=1 p@5=0.667 mrr=1.000
  [PASS] multi-session/4f54b7c9: r@5=1 r@10=1 p@5=0.667 mrr=1.000
  [PASS] multi-session/85fa3a3f: r@5=1 r@10=1 p@5=1.000 mrr=1.000
  [PASS] multi-session/9aaed6a3: r@5=1 r@10=1 p@5=0.500 mrr=1.000
  [PASS] multi-session/1f2b8d4f: r@5=1 r@10=1 p@5=0.500 mrr=1.000
  [PASS] multi-session/e6041065: r@5=1 r@10=1 p@5=0.250 mrr=1.000
  [PASS] multi-session/51c32626: r@5=1 r@10=1 p@5=0.500 mrr=1.000
  [PASS] multi-session/d905b33f: r@5=1 r@10=1 p@5=0.400 mrr=1.000
  [PASS] multi-session/7405e8b1: r@5=1 r@10=1 p@5=1.000 mrr=1.000
  [PASS] multi-session/f35224e0: r@5=1 r@10=1 p@5=0.500 mrr=1.000
  [PASS] multi-session/6456829e: r@5=1 r@10=1 p@5=0.250 mrr=0.500
  [PASS] multi-session/a4996e51: r@5=1 r@10=1 p@5=0.667 mrr=1.000
  [PASS] multi-session/3c1045c8: r@5=1 r@10=1 p@5=0.400 mrr=1.000
  [PASS] multi-session/60036106: r@5=1 r@10=1 p@5=0.667 mrr=1.000
  [PASS] multi-session/681a1674: r@5=1 r@10=1 p@5=0.667 mrr=1.000
  [PASS] multi-session/e25c3b8d: r@5=1 r@10=1 p@5=0.400 mrr=1.000
  [PASS] multi-session/4adc0475: r@5=1 r@10=1 p@5=0.400 mrr=1.000
  [PASS] multi-session/4bc144e2: r@5=1 r@10=1 p@5=1.000 mrr=1.000
  [PASS] multi-session/ef66a6e5: r@5=1 r@10=1 p@5=0.200 mrr=0.500
  [PASS] multi-session/5025383b: r@5=1 r@10=1 p@5=0.400 mrr=1.000
  [PASS] multi-session/a1cc6108: r@5=1 r@10=1 p@5=0.200 mrr=1.000
  [PASS] multi-session/9ee3ecd6: r@5=1 r@10=1 p@5=0.667 mrr=1.000
  [PASS] multi-session/3fdac837: r@5=1 r@10=1 p@5=0.400 mrr=1.000
  [PASS] multi-session/91b15a6e: r@5=1 r@10=1 p@5=1.000 mrr=1.000
  [PASS] multi-session/27016adc: r@5=1 r@10=1 p@5=1.000 mrr=1.000
  [PASS] multi-session/720133ac: r@5=1 r@10=1 p@5=0.500 mrr=1.000
  [PASS] multi-session/77eafa52: r@5=1 r@10=1 p@5=0.400 mrr=1.000
  [PASS] multi-session/8979f9ec: r@5=1 r@10=1 p@5=0.667 mrr=1.000
  [PASS] multi-session/0100672e: r@5=1 r@10=1 p@5=0.667 mrr=1.000
  [PASS] multi-session/a96c20ee: r@5=1 r@10=1 p@5=0.400 mrr=1.000
  [PASS] multi-session/92a0aa75: r@5=1 r@10=1 p@5=0.200 mrr=0.200
  [PASS] multi-session/3fe836c9: r@5=1 r@10=1 p@5=0.400 mrr=1.000
  [PASS] multi-session/1c549ce4: r@5=1 r@10=1 p@5=1.000 mrr=1.000
  [PASS] multi-session/6c49646a: r@5=1 r@10=1 p@5=0.400 mrr=1.000
  [PASS] multi-session/1192316e: r@5=1 r@10=1 p@5=0.400 mrr=1.000
  [PASS] multi-session/0ea62687: r@5=1 r@10=1 p@5=0.400 mrr=1.000
  [PASS] multi-session/67e0d0f2: r@5=1 r@10=1 p@5=0.400 mrr=1.000
  [PASS] multi-session/bb7c3b45: r@5=1 r@10=1 p@5=0.500 mrr=1.000
  [PASS] multi-session/ba358f49: r@5=1 r@10=1 p@5=0.200 mrr=1.000
  [PASS] multi-session/61f8c8f8: r@5=1 r@10=1 p@5=0.400 mrr=1.000
  [PASS] multi-session/60159905: r@5=1 r@10=1 p@5=0.500 mrr=1.000
  [PASS] multi-session/ef9cf60a: r@5=1 r@10=1 p@5=0.400 mrr=1.000
  [PASS] multi-session/73d42213: r@5=1 r@10=1 p@5=0.500 mrr=1.000
  [PASS] multi-session/bc149d6b: r@5=1 r@10=1 p@5=0.500 mrr=1.000
  [PASS] multi-session/099778bb: r@5=1 r@10=1 p@5=1.000 mrr=1.000
  [PASS] multi-session/09ba9854: r@5=1 r@10=1 p@5=1.000 mrr=1.000
  [PASS] multi-session/d6062bb9: r@5=1 r@10=1 p@5=0.500 mrr=1.000
  [PASS] multi-session/157a136e: r@5=1 r@10=1 p@5=0.200 mrr=1.000
  [FAIL] multi-session/c18a7dc8: r@5=0 r@10=0 p@5=0.000 mrr=0.000
  [PASS] multi-session/a3332713: r@5=1 r@10=1 p@5=1.000 mrr=1.000
  [PASS] multi-session/55241a1f: r@5=1 r@10=1 p@5=1.000 mrr=1.000
  [PASS] multi-session/a08a253f: r@5=1 r@10=1 p@5=0.400 mrr=1.000
  [PASS] multi-session/f0e564bc: r@5=1 r@10=1 p@5=0.667 mrr=1.000
  [PASS] multi-session/078150f1: r@5=1 r@10=1 p@5=0.400 mrr=1.000
  [PASS] multi-session/8cf4d046: r@5=1 r@10=1 p@5=0.400 mrr=1.000
  [PASS] multi-session/a346bb18: r@5=1 r@10=1 p@5=0.500 mrr=0.500
  [PASS] multi-session/37f165cf: r@5=1 r@10=1 p@5=0.667 mrr=1.000
  [FAIL] multi-session/8e91e7d9: r@5=0 r@10=0 p@5=0.000 mrr=0.000
  [PASS] multi-session/87f22b4a: r@5=1 r@10=1 p@5=0.400 mrr=1.000
  [PASS] multi-session/e56a43b9: r@5=1 r@10=1 p@5=0.400 mrr=1.000
  [PASS] multi-session/efc3f7c2: r@5=1 r@10=1 p@5=0.400 mrr=1.000
  [PASS] multi-session/21d02d0d: r@5=1 r@10=1 p@5=0.667 mrr=1.000
  [PASS] multi-session/2311e44b_abs: r@5=1 r@10=1 p@5=1.000 mrr=1.000
  [PASS] multi-session/6456829e_abs: r@5=1 r@10=1 p@5=0.200 mrr=0.200
  [PASS] multi-session/e5ba910e_abs: r@5=1 r@10=1 p@5=0.400 mrr=1.000
  [PASS] multi-session/a96c20ee_abs: r@5=1 r@10=1 p@5=0.667 mrr=1.000
  [PASS] multi-session/ba358f49_abs: r@5=1 r@10=1 p@5=0.200 mrr=1.000
  [PASS] multi-session/09ba9854_abs: r@5=1 r@10=1 p@5=1.000 mrr=1.000
  [PASS] temporal-reasoning/gpt4_59149c77: r@5=1 r@10=1 p@5=0.333 mrr=0.500
  [PASS] temporal-reasoning/gpt4_f49edff3: r@5=1 r@10=1 p@5=0.400 mrr=1.000
  [PASS] temporal-reasoning/71017276: r@5=1 r@10=1 p@5=0.333 mrr=1.000
  [PASS] temporal-reasoning/b46e15ed: r@5=1 r@10=1 p@5=0.600 mrr=1.000
  [FAIL] temporal-reasoning/gpt4_fa19884c: r@5=0 r@10=0 p@5=0.000 mrr=0.000
  [PASS] temporal-reasoning/0bc8ad92: r@5=1 r@10=1 p@5=0.500 mrr=0.333
  [PASS] temporal-reasoning/af082822: r@5=1 r@10=1 p@5=0.200 mrr=1.000
  [PASS] temporal-reasoning/gpt4_4929293a: r@5=1 r@10=1 p@5=0.400 mrr=1.000
  [FAIL] temporal-reasoning/gpt4_b5700ca9: r@5=0 r@10=0 p@5=0.000 mrr=0.000
  [PASS] temporal-reasoning/9a707b81: r@5=1 r@10=1 p@5=0.200 mrr=1.000
  [PASS] temporal-reasoning/gpt4_1d4ab0c9: r@5=1 r@10=1 p@5=0.400 mrr=1.000
  [PASS] temporal-reasoning/gpt4_e072b769: r@5=1 r@10=1 p@5=0.500 mrr=1.000
  [PASS] temporal-reasoning/0db4c65d: r@5=1 r@10=1 p@5=0.400 mrr=1.000
  [PASS] temporal-reasoning/gpt4_1d80365e: r@5=1 r@10=1 p@5=0.400 mrr=1.000
  [PASS] temporal-reasoning/gpt4_7f6b06db: r@5=1 r@10=1 p@5=0.200 mrr=0.250
  [PASS] temporal-reasoning/gpt4_6dc9b45b: r@5=1 r@10=1 p@5=0.500 mrr=1.000
  [PASS] temporal-reasoning/gpt4_8279ba02: r@5=1 r@10=1 p@5=0.200 mrr=0.200
  [PASS] temporal-reasoning/gpt4_18c2b244: r@5=1 r@10=1 p@5=0.667 mrr=1.000
  [PASS] temporal-reasoning/gpt4_a1b77f9c: r@5=1 r@10=1 p@5=0.800 mrr=1.000
  [PASS] temporal-reasoning/gpt4_1916e0ea: r@5=1 r@10=1 p@5=0.200 mrr=0.500
  [PASS] temporal-reasoning/gpt4_7a0daae1: r@5=1 r@10=1 p@5=0.400 mrr=1.000
  [PASS] temporal-reasoning/gpt4_468eb063: r@5=1 r@10=1 p@5=0.200 mrr=0.200
  [PASS] temporal-reasoning/gpt4_7abb270c: r@5=1 r@10=1 p@5=0.400 mrr=0.250
  [PASS] temporal-reasoning/gpt4_1e4a8aeb: r@5=1 r@10=1 p@5=0.500 mrr=1.000
  [PASS] temporal-reasoning/gpt4_4fc4f797: r@5=1 r@10=1 p@5=0.400 mrr=1.000
  [PASS] temporal-reasoning/4dfccbf7: r@5=1 r@10=1 p@5=0.200 mrr=1.000
  [PASS] temporal-reasoning/gpt4_61e13b3c: r@5=1 r@10=1 p@5=0.200 mrr=1.000
  [PASS] temporal-reasoning/gpt4_45189cb4: r@5=1 r@10=1 p@5=0.667 mrr=1.000
  [PASS] temporal-reasoning/2ebe6c90: r@5=1 r@10=1 p@5=0.400 mrr=1.000
  [FAIL] temporal-reasoning/gpt4_e061b84f: r@5=0 r@10=1 p@5=0.000 mrr=0.143
  [PASS] temporal-reasoning/370a8ff4: r@5=1 r@10=1 p@5=0.400 mrr=1.000
  [PASS] temporal-reasoning/gpt4_d6585ce8: r@5=1 r@10=1 p@5=0.600 mrr=1.000
  [PASS] temporal-reasoning/gpt4_4ef30696: r@5=1 r@10=1 p@5=0.333 mrr=1.000
  [PASS] temporal-reasoning/gpt4_ec93e27f: r@5=1 r@10=1 p@5=0.667 mrr=1.000
  [PASS] temporal-reasoning/6e984301: r@5=1 r@10=1 p@5=0.400 mrr=1.000
  [PASS] temporal-reasoning/8077ef71: r@5=1 r@10=1 p@5=0.200 mrr=0.500
  [PASS] temporal-reasoning/gpt4_f420262c: r@5=1 r@10=1 p@5=0.600 mrr=1.000
  [PASS] temporal-reasoning/gpt4_8e165409: r@5=1 r@10=1 p@5=0.400 mrr=1.000
  [PASS] temporal-reasoning/gpt4_74aed68e: r@5=1 r@10=1 p@5=0.400 mrr=1.000
  [PASS] temporal-reasoning/bcbe585f: r@5=1 r@10=1 p@5=0.250 mrr=1.000
  [PASS] temporal-reasoning/gpt4_21adecb5: r@5=1 r@10=1 p@5=0.400 mrr=1.000
  [PASS] temporal-reasoning/5e1b23de: r@5=1 r@10=1 p@5=0.200 mrr=0.250
  [PASS] temporal-reasoning/gpt4_98f46fc6: r@5=1 r@10=1 p@5=1.000 mrr=1.000
  [PASS] temporal-reasoning/gpt4_af6db32f: r@5=1 r@10=1 p@5=0.200 mrr=1.000
  [PASS] temporal-reasoning/eac54adc: r@5=1 r@10=1 p@5=0.400 mrr=1.000
  [PASS] temporal-reasoning/gpt4_7ddcf75f: r@5=1 r@10=1 p@5=0.200 mrr=1.000
  [PASS] temporal-reasoning/gpt4_a2d1d1f6: r@5=1 r@10=1 p@5=0.250 mrr=1.000
  [PASS] temporal-reasoning/gpt4_85da3956: r@5=1 r@10=1 p@5=0.200 mrr=1.000
  [PASS] temporal-reasoning/gpt4_b0863698: r@5=1 r@10=1 p@5=0.250 mrr=0.500
  [PASS] temporal-reasoning/gpt4_68e94287: r@5=1 r@10=1 p@5=0.400 mrr=1.000
  [PASS] temporal-reasoning/gpt4_e414231e: r@5=1 r@10=1 p@5=0.400 mrr=1.000
  [PASS] temporal-reasoning/gpt4_7ca326fa: r@5=1 r@10=1 p@5=1.000 mrr=1.000
  [PASS] temporal-reasoning/gpt4_7bc6cf22: r@5=1 r@10=1 p@5=0.200 mrr=1.000
  [PASS] temporal-reasoning/2ebe6c92: r@5=1 r@10=1 p@5=0.200 mrr=0.333
  [FAIL] temporal-reasoning/gpt4_e061b84g: r@5=0 r@10=0 p@5=0.000 mrr=0.000
  [PASS] temporal-reasoning/71017277: r@5=1 r@10=1 p@5=0.200 mrr=0.250
  [PASS] temporal-reasoning/b46e15ee: r@5=1 r@10=1 p@5=0.800 mrr=1.000
  [PASS] temporal-reasoning/gpt4_d6585ce9: r@5=1 r@10=1 p@5=0.400 mrr=0.500
  [FAIL] temporal-reasoning/gpt4_1e4a8aec: r@5=0 r@10=0 p@5=0.000 mrr=0.000
  [PASS] temporal-reasoning/gpt4_f420262d: r@5=1 r@10=1 p@5=0.400 mrr=0.500
  [FAIL] temporal-reasoning/gpt4_59149c78: r@5=0 r@10=0 p@5=0.000 mrr=0.000
  [PASS] temporal-reasoning/gpt4_e414231f: r@5=1 r@10=1 p@5=0.500 mrr=1.000
  [FAIL] temporal-reasoning/gpt4_4929293b: r@5=0 r@10=0 p@5=0.000 mrr=0.000
  [PASS] temporal-reasoning/gpt4_468eb064: r@5=1 r@10=1 p@5=0.200 mrr=1.000
  [PASS] temporal-reasoning/gpt4_fa19884d: r@5=1 r@10=1 p@5=0.200 mrr=0.500
  [FAIL] temporal-reasoning/9a707b82: r@5=0 r@10=0 p@5=0.000 mrr=0.000
  [FAIL] temporal-reasoning/eac54add: r@5=0 r@10=0 p@5=0.000 mrr=0.000
  [PASS] temporal-reasoning/4dfccbf8: r@5=1 r@10=1 p@5=0.200 mrr=0.250
  [PASS] temporal-reasoning/0bc8ad93: r@5=1 r@10=1 p@5=0.400 mrr=1.000
  [PASS] temporal-reasoning/6e984302: r@5=1 r@10=1 p@5=0.400 mrr=0.500
  [FAIL] temporal-reasoning/gpt4_8279ba03: r@5=0 r@10=0 p@5=0.000 mrr=0.000
  [PASS] temporal-reasoning/gpt4_b5700ca0: r@5=1 r@10=1 p@5=0.200 mrr=0.333
  [PASS] temporal-reasoning/gpt4_68e94288: r@5=1 r@10=1 p@5=0.200 mrr=1.000
  [PASS] temporal-reasoning/gpt4_2655b836: r@5=1 r@10=1 p@5=0.400 mrr=1.000
  [PASS] temporal-reasoning/gpt4_2487a7cb: r@5=1 r@10=1 p@5=0.333 mrr=1.000
  [PASS] temporal-reasoning/gpt4_76048e76: r@5=1 r@10=1 p@5=0.667 mrr=1.000
  [PASS] temporal-reasoning/gpt4_2312f94c: r@5=1 r@10=1 p@5=0.667 mrr=1.000
  [PASS] temporal-reasoning/0bb5a684: r@5=1 r@10=1 p@5=0.667 mrr=1.000
  [PASS] temporal-reasoning/08f4fc43: r@5=1 r@10=1 p@5=0.400 mrr=1.000
  [PASS] temporal-reasoning/2c63a862: r@5=1 r@10=1 p@5=0.500 mrr=1.000
  [PASS] temporal-reasoning/gpt4_385a5000: r@5=1 r@10=1 p@5=0.500 mrr=1.000
  [PASS] temporal-reasoning/2a1811e2: r@5=1 r@10=1 p@5=0.667 mrr=1.000
  [PASS] temporal-reasoning/bbf86515: r@5=1 r@10=1 p@5=0.400 mrr=1.000
  [PASS] temporal-reasoning/gpt4_5dcc0aab: r@5=1 r@10=1 p@5=0.600 mrr=1.000
  [PASS] temporal-reasoning/gpt4_0b2f1d21: r@5=1 r@10=1 p@5=1.000 mrr=1.000
  [PASS] temporal-reasoning/f0853d11: r@5=1 r@10=1 p@5=1.000 mrr=1.000
  [PASS] temporal-reasoning/gpt4_6ed717ea: r@5=1 r@10=1 p@5=1.000 mrr=1.000
  [PASS] temporal-reasoning/gpt4_70e84552: r@5=1 r@10=1 p@5=0.400 mrr=1.000
  [PASS] temporal-reasoning/a3838d2b: r@5=1 r@10=1 p@5=1.000 mrr=1.000
  [PASS] temporal-reasoning/gpt4_93159ced: r@5=1 r@10=1 p@5=0.400 mrr=1.000
  [PASS] temporal-reasoning/gpt4_2d58bcd6: r@5=1 r@10=1 p@5=0.500 mrr=1.000
  [PASS] temporal-reasoning/gpt4_65aabe59: r@5=1 r@10=1 p@5=0.667 mrr=1.000
  [PASS] temporal-reasoning/982b5123: r@5=1 r@10=1 p@5=0.667 mrr=1.000
  [PASS] temporal-reasoning/b9cfe692: r@5=1 r@10=1 p@5=0.600 mrr=1.000
  [PASS] temporal-reasoning/gpt4_4edbafa2: r@5=1 r@10=1 p@5=0.400 mrr=1.000
  [PASS] temporal-reasoning/c8090214: r@5=1 r@10=1 p@5=0.400 mrr=1.000
  [PASS] temporal-reasoning/gpt4_483dd43c: r@5=1 r@10=1 p@5=0.667 mrr=1.000
  [PASS] temporal-reasoning/e4e14d04: r@5=1 r@10=1 p@5=0.400 mrr=1.000
  [PASS] temporal-reasoning/c9f37c46: r@5=1 r@10=1 p@5=1.000 mrr=1.000
  [PASS] temporal-reasoning/gpt4_2c50253f: r@5=1 r@10=1 p@5=0.400 mrr=1.000
  [PASS] temporal-reasoning/dcfa8644: r@5=1 r@10=1 p@5=0.400 mrr=1.000
  [PASS] temporal-reasoning/gpt4_b4a80587: r@5=1 r@10=1 p@5=0.400 mrr=1.000
  [PASS] temporal-reasoning/gpt4_9a159967: r@5=1 r@10=1 p@5=0.500 mrr=1.000
  [PASS] temporal-reasoning/cc6d1ec1: r@5=1 r@10=1 p@5=0.400 mrr=1.000
  [PASS] temporal-reasoning/gpt4_8c8961ae: r@5=1 r@10=1 p@5=0.667 mrr=1.000
  [PASS] temporal-reasoning/gpt4_d9af6064: r@5=1 r@10=1 p@5=1.000 mrr=1.000
  [PASS] temporal-reasoning/gpt4_7de946e7: r@5=1 r@10=1 p@5=0.667 mrr=1.000
  [PASS] temporal-reasoning/d01c6aa8: r@5=1 r@10=1 p@5=0.400 mrr=1.000
  [PASS] temporal-reasoning/993da5e2: r@5=1 r@10=1 p@5=0.400 mrr=1.000
  [PASS] temporal-reasoning/a3045048: r@5=1 r@10=1 p@5=0.400 mrr=1.000
  [PASS] temporal-reasoning/gpt4_d31cdae3: r@5=1 r@10=1 p@5=0.500 mrr=1.000
  [PASS] temporal-reasoning/gpt4_cd90e484: r@5=1 r@10=1 p@5=0.500 mrr=1.000
  [PASS] temporal-reasoning/gpt4_88806d6e: r@5=1 r@10=1 p@5=0.500 mrr=0.500
  [PASS] temporal-reasoning/gpt4_4cd9eba1: r@5=1 r@10=1 p@5=0.400 mrr=1.000
  [PASS] temporal-reasoning/gpt4_93f6379c: r@5=1 r@10=1 p@5=0.400 mrr=1.000
  [PASS] temporal-reasoning/b29f3365: r@5=1 r@10=1 p@5=0.667 mrr=1.000
  [PASS] temporal-reasoning/gpt4_2f56ae70: r@5=1 r@10=1 p@5=0.400 mrr=0.500
  [PASS] temporal-reasoning/6613b389: r@5=1 r@10=1 p@5=0.400 mrr=1.000
  [PASS] temporal-reasoning/gpt4_78cf46a3: r@5=1 r@10=1 p@5=0.200 mrr=1.000
  [PASS] temporal-reasoning/gpt4_0a05b494: r@5=1 r@10=1 p@5=0.400 mrr=1.000
  [PASS] temporal-reasoning/gpt4_1a1dc16d: r@5=1 r@10=1 p@5=0.200 mrr=1.000
  [PASS] temporal-reasoning/gpt4_2f584639: r@5=1 r@10=1 p@5=0.400 mrr=1.000
  [PASS] temporal-reasoning/gpt4_213fd887: r@5=1 r@10=1 p@5=0.500 mrr=1.000
  [PASS] temporal-reasoning/gpt4_5438fa52: r@5=1 r@10=1 p@5=0.400 mrr=1.000
  [PASS] temporal-reasoning/gpt4_c27434e8: r@5=1 r@10=1 p@5=1.000 mrr=1.000
  [PASS] temporal-reasoning/gpt4_fe651585: r@5=1 r@10=1 p@5=0.200 mrr=1.000
  [PASS] temporal-reasoning/8c18457d: r@5=1 r@10=1 p@5=0.200 mrr=1.000
  [PASS] temporal-reasoning/gpt4_70e84552_abs: r@5=1 r@10=1 p@5=0.200 mrr=1.000
  [PASS] temporal-reasoning/gpt4_93159ced_abs: r@5=1 r@10=1 p@5=0.200 mrr=1.000
  [PASS] temporal-reasoning/982b5123_abs: r@5=1 r@10=1 p@5=0.200 mrr=1.000
  [PASS] temporal-reasoning/c8090214_abs: r@5=1 r@10=1 p@5=0.200 mrr=1.000
  [PASS] temporal-reasoning/gpt4_c27434e8_abs: r@5=1 r@10=1 p@5=0.667 mrr=1.000
  [PASS] temporal-reasoning/gpt4_fe651585_abs: r@5=1 r@10=1 p@5=0.200 mrr=0.333
  [PASS] knowledge-update/6a1eabeb: r@5=1 r@10=1 p@5=0.500 mrr=1.000
  [PASS] knowledge-update/6aeb4375: r@5=1 r@10=1 p@5=0.333 mrr=1.000
  [PASS] knowledge-update/830ce83f: r@5=1 r@10=1 p@5=0.400 mrr=1.000
  [PASS] knowledge-update/852ce960: r@5=1 r@10=1 p@5=0.400 mrr=1.000
  [PASS] knowledge-update/945e3d21: r@5=1 r@10=1 p@5=0.667 mrr=1.000
  [PASS] knowledge-update/d7c942c3: r@5=1 r@10=1 p@5=0.250 mrr=1.000
  [PASS] knowledge-update/71315a70: r@5=1 r@10=1 p@5=0.667 mrr=1.000
  [PASS] knowledge-update/89941a93: r@5=1 r@10=1 p@5=0.400 mrr=1.000
  [PASS] knowledge-update/ce6d2d27: r@5=1 r@10=1 p@5=0.200 mrr=0.500
  [PASS] knowledge-update/9ea5eabc: r@5=1 r@10=1 p@5=0.400 mrr=1.000
  [PASS] knowledge-update/07741c44: r@5=1 r@10=1 p@5=0.500 mrr=1.000
  [PASS] knowledge-update/a1eacc2a: r@5=1 r@10=1 p@5=0.667 mrr=1.000
  [PASS] knowledge-update/184da446: r@5=1 r@10=1 p@5=0.667 mrr=1.000
  [PASS] knowledge-update/031748ae: r@5=1 r@10=1 p@5=0.400 mrr=1.000
  [PASS] knowledge-update/4d6b87c8: r@5=1 r@10=1 p@5=0.400 mrr=1.000
  [PASS] knowledge-update/0f05491a: r@5=1 r@10=1 p@5=0.667 mrr=1.000
  [PASS] knowledge-update/08e075c7: r@5=1 r@10=1 p@5=0.400 mrr=1.000
  [PASS] knowledge-update/f9e8c073: r@5=1 r@10=1 p@5=0.200 mrr=1.000
  [PASS] knowledge-update/41698283: r@5=1 r@10=1 p@5=0.400 mrr=1.000
  [PASS] knowledge-update/2698e78f: r@5=1 r@10=1 p@5=0.400 mrr=1.000
  [PASS] knowledge-update/b6019101: r@5=1 r@10=1 p@5=0.400 mrr=1.000
  [PASS] knowledge-update/45dc21b6: r@5=1 r@10=1 p@5=0.400 mrr=1.000
  [PASS] knowledge-update/5a4f22c0: r@5=1 r@10=1 p@5=0.400 mrr=1.000
  [PASS] knowledge-update/6071bd76: r@5=1 r@10=1 p@5=0.500 mrr=1.000
  [PASS] knowledge-update/e493bb7c: r@5=1 r@10=1 p@5=0.200 mrr=1.000
  [PASS] knowledge-update/618f13b2: r@5=1 r@10=1 p@5=0.400 mrr=1.000
  [PASS] knowledge-update/72e3ee87: r@5=1 r@10=1 p@5=0.500 mrr=1.000
  [PASS] knowledge-update/c4ea545c: r@5=1 r@10=1 p@5=0.400 mrr=1.000
  [PASS] knowledge-update/01493427: r@5=1 r@10=1 p@5=0.500 mrr=1.000
  [PASS] knowledge-update/6a27ffc2: r@5=1 r@10=1 p@5=0.400 mrr=1.000
  [PASS] knowledge-update/2133c1b5: r@5=1 r@10=1 p@5=0.200 mrr=1.000
  [PASS] knowledge-update/18bc8abd: r@5=1 r@10=1 p@5=0.667 mrr=1.000
  [PASS] knowledge-update/db467c8c: r@5=1 r@10=1 p@5=0.400 mrr=1.000
  [PASS] knowledge-update/7a87bd0c: r@5=1 r@10=1 p@5=0.400 mrr=1.000
  [PASS] knowledge-update/e61a7584: r@5=1 r@10=1 p@5=0.400 mrr=1.000
  [PASS] knowledge-update/1cea1afa: r@5=1 r@10=1 p@5=0.200 mrr=1.000
  [PASS] knowledge-update/ed4ddc30: r@5=1 r@10=1 p@5=0.667 mrr=1.000
  [PASS] knowledge-update/8fb83627: r@5=1 r@10=1 p@5=0.667 mrr=1.000
  [PASS] knowledge-update/b01defab: r@5=1 r@10=1 p@5=1.000 mrr=1.000
  [PASS] knowledge-update/22d2cb42: r@5=1 r@10=1 p@5=1.000 mrr=1.000
  [PASS] knowledge-update/0e4e4c46: r@5=1 r@10=1 p@5=1.000 mrr=1.000
  [PASS] knowledge-update/4b24c848: r@5=1 r@10=1 p@5=0.500 mrr=1.000
  [PASS] knowledge-update/7e974930: r@5=1 r@10=1 p@5=0.500 mrr=1.000
  [PASS] knowledge-update/603deb26: r@5=1 r@10=1 p@5=0.200 mrr=1.000
  [PASS] knowledge-update/59524333: r@5=1 r@10=1 p@5=0.333 mrr=1.000
  [PASS] knowledge-update/5831f84d: r@5=1 r@10=1 p@5=0.400 mrr=1.000
  [PASS] knowledge-update/eace081b: r@5=1 r@10=1 p@5=0.400 mrr=1.000
  [PASS] knowledge-update/affe2881: r@5=1 r@10=1 p@5=0.500 mrr=1.000
  [PASS] knowledge-update/50635ada: r@5=1 r@10=1 p@5=0.500 mrr=1.000
  [PASS] knowledge-update/e66b632c: r@5=1 r@10=1 p@5=0.400 mrr=1.000
  [PASS] knowledge-update/0ddfec37: r@5=1 r@10=1 p@5=0.667 mrr=1.000
  [PASS] knowledge-update/f685340e: r@5=1 r@10=1 p@5=0.400 mrr=1.000
  [PASS] knowledge-update/cc5ded98: r@5=1 r@10=1 p@5=1.000 mrr=1.000
  [PASS] knowledge-update/dfde3500: r@5=1 r@10=1 p@5=1.000 mrr=1.000
  [PASS] knowledge-update/69fee5aa: r@5=1 r@10=1 p@5=0.500 mrr=1.000
  [PASS] knowledge-update/7401057b: r@5=1 r@10=1 p@5=1.000 mrr=1.000
  [PASS] knowledge-update/cf22b7bf: r@5=1 r@10=1 p@5=0.200 mrr=1.000
  [PASS] knowledge-update/a2f3aa27: r@5=1 r@10=1 p@5=0.400 mrr=1.000
  [PASS] knowledge-update/c7dc5443: r@5=1 r@10=1 p@5=0.500 mrr=1.000
  [PASS] knowledge-update/06db6396: r@5=1 r@10=1 p@5=0.200 mrr=1.000
  [PASS] knowledge-update/3ba21379: r@5=1 r@10=1 p@5=0.400 mrr=0.333
  [PASS] knowledge-update/9bbe84a2: r@5=1 r@10=1 p@5=0.400 mrr=1.000
  [PASS] knowledge-update/10e09553: r@5=1 r@10=1 p@5=1.000 mrr=1.000
  [PASS] knowledge-update/dad224aa: r@5=1 r@10=1 p@5=0.667 mrr=1.000
  [PASS] knowledge-update/ba61f0b9: r@5=1 r@10=1 p@5=0.500 mrr=1.000
  [PASS] knowledge-update/42ec0761: r@5=1 r@10=1 p@5=0.400 mrr=1.000
  [PASS] knowledge-update/5c40ec5b: r@5=1 r@10=1 p@5=0.200 mrr=1.000
  [PASS] knowledge-update/c6853660: r@5=1 r@10=1 p@5=0.667 mrr=1.000
  [PASS] knowledge-update/26bdc477: r@5=1 r@10=1 p@5=0.667 mrr=1.000
  [PASS] knowledge-update/0977f2af: r@5=1 r@10=1 p@5=0.250 mrr=1.000
  [PASS] knowledge-update/6aeb4375_abs: r@5=1 r@10=1 p@5=0.333 mrr=1.000
  [PASS] knowledge-update/031748ae_abs: r@5=1 r@10=1 p@5=0.400 mrr=1.000
  [PASS] knowledge-update/2698e78f_abs: r@5=1 r@10=1 p@5=0.200 mrr=0.333
  [FAIL] knowledge-update/2133c1b5_abs: r@5=0 r@10=0 p@5=0.000 mrr=0.000
  [PASS] knowledge-update/0ddfec37_abs: r@5=1 r@10=1 p@5=0.667 mrr=1.000
  [PASS] knowledge-update/f685340e_abs: r@5=1 r@10=1 p@5=0.400 mrr=1.000
  [PASS] knowledge-update/89941a94: r@5=1 r@10=1 p@5=1.000 mrr=1.000
  [PASS] knowledge-update/07741c45: r@5=1 r@10=1 p@5=0.500 mrr=1.000
  [PASS] single-session-assistant/7161e7e2: r@5=1 r@10=1 p@5=1.000 mrr=1.000
  [FAIL] single-session-assistant/c4f10528: r@5=0 r@10=0 p@5=0.000 mrr=0.000
  [PASS] single-session-assistant/89527b6b: r@5=1 r@10=1 p@5=0.200 mrr=1.000
  [PASS] single-session-assistant/e9327a54: r@5=1 r@10=1 p@5=0.200 mrr=0.250
  [PASS] single-session-assistant/4c36ccef: r@5=1 r@10=1 p@5=0.333 mrr=1.000
  [PASS] single-session-assistant/6ae235be: r@5=1 r@10=1 p@5=0.333 mrr=1.000
  [PASS] single-session-assistant/7e00a6cb: r@5=1 r@10=1 p@5=0.200 mrr=0.200
  [PASS] single-session-assistant/1903aded: r@5=1 r@10=1 p@5=0.250 mrr=1.000
  [PASS] single-session-assistant/ceb54acb: r@5=1 r@10=1 p@5=0.200 mrr=1.000
  [PASS] single-session-assistant/f523d9fe: r@5=1 r@10=1 p@5=0.200 mrr=1.000
  [PASS] single-session-assistant/0e5e2d1a: r@5=1 r@10=1 p@5=0.500 mrr=1.000
  [FAIL] single-session-assistant/fea54f57: r@5=0 r@10=1 p@5=0.000 mrr=0.125
  [PASS] single-session-assistant/cc539528: r@5=1 r@10=1 p@5=1.000 mrr=1.000
  [PASS] single-session-assistant/dc439ea3: r@5=1 r@10=1 p@5=0.200 mrr=1.000
  [PASS] single-session-assistant/18dcd5a5: r@5=1 r@10=1 p@5=0.200 mrr=1.000
  [PASS] single-session-assistant/488d3006: r@5=1 r@10=1 p@5=0.250 mrr=1.000
  [PASS] single-session-assistant/58470ed2: r@5=1 r@10=1 p@5=0.250 mrr=1.000
  [PASS] single-session-assistant/8cf51dda: r@5=1 r@10=1 p@5=0.333 mrr=1.000
  [PASS] single-session-assistant/1d4da289: r@5=1 r@10=1 p@5=1.000 mrr=1.000
  [FAIL] single-session-assistant/8464fc84: r@5=0 r@10=0 p@5=0.000 mrr=0.000
  [PASS] single-session-assistant/8aef76bc: r@5=1 r@10=1 p@5=0.333 mrr=1.000
  [FAIL] single-session-assistant/71a3fd6b: r@5=0 r@10=1 p@5=0.000 mrr=0.143
  [PASS] single-session-assistant/2bf43736: r@5=1 r@10=1 p@5=0.200 mrr=1.000
  [PASS] single-session-assistant/70b3e69b: r@5=1 r@10=1 p@5=0.333 mrr=1.000
  [PASS] single-session-assistant/8752c811: r@5=1 r@10=1 p@5=0.200 mrr=1.000
  [PASS] single-session-assistant/3249768e: r@5=1 r@10=1 p@5=0.200 mrr=1.000
  [PASS] single-session-assistant/1b9b7252: r@5=1 r@10=1 p@5=0.250 mrr=1.000
  [FAIL] single-session-assistant/1568498a: r@5=0 r@10=1 p@5=0.000 mrr=0.167
  [PASS] single-session-assistant/6222b6eb: r@5=1 r@10=1 p@5=0.200 mrr=0.500
  [PASS] single-session-assistant/e8a79c70: r@5=1 r@10=1 p@5=0.333 mrr=1.000
  [PASS] single-session-assistant/d596882b: r@5=1 r@10=1 p@5=0.200 mrr=0.500
  [PASS] single-session-assistant/e3fc4d6e: r@5=1 r@10=1 p@5=0.500 mrr=1.000
  [PASS] single-session-assistant/51b23612: r@5=1 r@10=1 p@5=0.250 mrr=1.000
  [PASS] single-session-assistant/3e321797: r@5=1 r@10=1 p@5=0.500 mrr=1.000
  [FAIL] single-session-assistant/e982271f: r@5=0 r@10=0 p@5=0.000 mrr=0.000
  [PASS] single-session-assistant/352ab8bd: r@5=1 r@10=1 p@5=0.333 mrr=1.000
  [PASS] single-session-assistant/fca762bc: r@5=1 r@10=1 p@5=0.250 mrr=1.000
  [PASS] single-session-assistant/7a8d0b71: r@5=1 r@10=1 p@5=0.333 mrr=1.000
  [FAIL] single-session-assistant/a40e080f: r@5=0 r@10=0 p@5=0.000 mrr=0.000
  [PASS] single-session-assistant/8b9d4367: r@5=1 r@10=1 p@5=0.500 mrr=1.000
  [PASS] single-session-assistant/5809eb10: r@5=1 r@10=1 p@5=0.333 mrr=1.000
  [PASS] single-session-assistant/41275add: r@5=1 r@10=1 p@5=0.200 mrr=1.000
  [PASS] single-session-assistant/4388e9dd: r@5=1 r@10=1 p@5=0.200 mrr=0.333
  [PASS] single-session-assistant/4baee567: r@5=1 r@10=1 p@5=0.200 mrr=1.000
  [PASS] single-session-assistant/561fabcd: r@5=1 r@10=1 p@5=0.333 mrr=1.000
  [PASS] single-session-assistant/b759caee: r@5=1 r@10=1 p@5=0.500 mrr=1.000
  [PASS] single-session-assistant/ac031881: r@5=1 r@10=1 p@5=0.500 mrr=1.000
  [PASS] single-session-assistant/28bcfaac: r@5=1 r@10=1 p@5=1.000 mrr=1.000
  [PASS] single-session-assistant/16c90bf4: r@5=1 r@10=1 p@5=0.333 mrr=1.000
  [PASS] single-session-assistant/c8f1aeed: r@5=1 r@10=1 p@5=0.333 mrr=1.000
  [PASS] single-session-assistant/eaca4986: r@5=1 r@10=1 p@5=0.200 mrr=1.000
  [PASS] single-session-assistant/c7cf7dfd: r@5=1 r@10=1 p@5=1.000 mrr=1.000
  [PASS] single-session-assistant/e48988bc: r@5=1 r@10=1 p@5=0.500 mrr=1.000
  [PASS] single-session-assistant/1de5cff2: r@5=1 r@10=1 p@5=0.250 mrr=1.000
  [PASS] single-session-assistant/65240037: r@5=1 r@10=1 p@5=1.000 mrr=1.000
  [PASS] single-session-assistant/778164c6: r@5=1 r@10=1 p@5=0.200 mrr=0.333
  [PASS] type/knowledge-update: r@5=0.987 n=78
  [PASS] type/multi-session: r@5=0.970 n=133
  [PASS] type/single-session-assistant: r@5=0.875 n=56
  [PASS] type/single-session-preference: r@5=0.567 n=30
  [PASS] type/single-session-user: r@5=0.843 n=70
  [PASS] type/temporal-reasoning: r@5=0.925 n=133
LongMemEval-S retrieval footnote: R@5=0.908 (n=500, dataset=longmemeval_s_cleaned.json, mode=fts-chunked) R@10=0.926 P@5=0.402 MRR=0.834
  Protocol: recall_any@K on chunked session haystacks (FTS default; --semantic for MiniLM hybrid). Not official LongMemEval QA accuracy.
